session_id,app_start_time,game_count,level_of_difficulty_type_id,level_of_difficulty_type,low_range,high_range,range_size,winning_number,game_start_time,total_guesses,total_hints,total_guess_errors,outcome_id,outcome_type_id,outcome_type,score,feedback_type,improvement_area_id,recommendation_type,game_end_time,total_duration,won,play_again
1,2022-01-12 06:27:41,2,1.0,easy,1,10,10,5.0,2022-01-12 06:27:51,3.0,2.0,0,1.0,1.0,win,80.0,,,,2022-01-12 06:28:12,21.0,1,1.0
1,2022-01-12 06:27:41,2,1.0,easy,1,10,10,10.0,2022-01-12 06:28:18,1.0,,0,2.0,1.0,win,100.0,,,,2022-01-12 06:28:23,5.0,1,0.0
2,2022-01-12 06:32:49,1,1.0,easy,1,10,10,9.0,2022-01-12 06:33:32,3.0,2.0,0,3.0,1.0,win,80.0,,,,2022-01-12 06:37:06,214.0,1,0.0
3,2022-01-12 06:39:28,1,1.0,easy,1,10,10,5.0,2022-01-12 06:39:33,3.0,2.0,0,4.0,1.0,win,80.0,,,,2022-01-12 06:39:59,26.0,1,0.0
4,2022-01-12 06:54:29,1,1.0,easy,1,10,10,8.0,2022-01-12 06:54:34,3.0,2.0,0,5.0,1.0,win,80.0,,,,2022-01-12 06:54:53,19.0,1,0.0
5,2022-01-12 07:03:50,2,1.0,easy,1,10,10,2.0,2022-01-12 07:03:59,3.0,2.0,0,6.0,1.0,win,80.0,,,,2022-01-12 07:04:17,18.0,1,1.0
5,2022-01-12 07:03:50,2,1.0,easy,1,10,10,5.0,2022-01-12 07:04:21,3.0,2.0,0,7.0,1.0,win,80.0,,,,2022-01-12 07:04:40,19.0,1,0.0
6,2022-01-12 07:15:10,4,1.0,easy,1,10,10,9.0,2022-01-12 07:15:14,2.0,1.0,0,8.0,1.0,win,90.0,,,,2022-01-12 07:15:26,12.0,1,1.0
6,2022-01-12 07:15:10,4,2.0,medium,1,100,100,64.0,2022-01-12 07:15:33,2.0,1.0,0,9.0,1.0,win,80.0,,,,2022-01-12 07:15:56,23.0,1,1.0
6,2022-01-12 07:15:10,4,2.0,medium,1,100,100,63.0,2022-01-12 07:16:02,2.0,1.0,0,10.0,1.0,win,80.0,,,,2022-01-12 07:16:17,15.000000000000002,1,1.0
6,2022-01-12 07:15:10,4,4.0,custom,-1000,1000,2001,911.0,2022-01-12 07:16:29,3.0,2.0,0,11.0,1.0,win,80.0,,,,2022-01-12 07:17:31,62.00000000000001,1,0.0
7,2022-01-12 07:26:53,2,4.0,custom,-1000,1000,2001,528.0,2022-01-12 07:27:03,6.0,6.0,0,12.0,3.0,quit,,,,,2022-01-12 07:31:27,264.0,0,1.0
7,2022-01-12 07:26:53,2,1.0,easy,1,10,10,2.0,2022-01-12 07:31:34,3.0,2.0,0,13.0,1.0,win,80.0,improvement,2.0,,2022-01-12 07:31:52,18.0,1,0.0
8,2022-01-12 07:34:41,1,4.0,custom,-1000,1000,2001,-234.0,2022-01-12 07:34:51,5.0,3.0,1,14.0,1.0,win,60.0,,,,2022-01-12 07:35:51,60.00000000000001,1,0.0
9,2022-01-12 07:36:53,1,2.0,medium,1,100,100,61.0,2022-01-12 07:37:04,2.0,1.0,0,15.0,1.0,win,80.0,,,,2022-01-12 07:37:34,30.000000000000004,1,0.0
10,2022-01-12 07:38:51,1,1.0,easy,1,10,10,5.0,2022-01-12 07:38:56,4.0,3.0,0,16.0,1.0,win,70.0,,,,2022-01-12 07:39:33,37.0,1,0.0
11,2022-01-12 07:40:21,1,1.0,easy,1,10,10,5.0,2022-01-12 07:40:26,3.0,2.0,0,17.0,1.0,win,80.0,,,,2022-01-12 07:40:41,15.000000000000002,1,0.0
12,2022-01-12 07:41:59,2,4.0,custom,8,16,9,12.0,2022-01-12 07:42:09,2.0,1.0,0,18.0,1.0,win,90.0,,,,2022-01-12 07:42:30,21.0,1,1.0
12,2022-01-12 07:41:59,2,4.0,custom,8,16,9,10.0,2022-01-12 07:43:16,2.0,1.0,0,19.0,1.0,win,90.0,recommendation,,level of difficulty,2022-01-12 07:43:34,18.0,1,0.0
14,2022-01-12 07:51:05,1,1.0,easy,1,10,10,10.0,2022-01-12 07:51:08,2.0,1.0,0,20.0,1.0,win,90.0,,,,2022-01-12 07:51:22,14.0,1,0.0
15,2022-01-12 07:57:06,1,2.0,medium,1,100,100,45.0,2022-01-12 07:57:12,3.0,2.0,0,21.0,1.0,win,60.0,,,,2022-01-12 07:57:44,32.0,1,0.0
16,2022-01-12 07:59:56,1,1.0,easy,1,10,10,7.0,2022-01-12 08:00:02,6.0,5.0,0,22.0,1.0,win,50.0,improvement,3.0,,2022-01-12 08:01:12,70.0,1,0.0
17,2022-01-12 08:05:15,1,1.0,easy,1,10,10,9.0,2022-01-12 08:05:28,2.0,1.0,0,23.0,1.0,win,90.0,,,,2022-01-12 08:05:50,22.0,1,0.0
18,2022-01-12 08:07:37,1,4.0,custom,10,50,41,29.0,2022-01-12 08:07:50,3.0,2.0,0,24.0,1.0,win,80.0,improvement,2.0,,2022-01-12 08:08:32,42.0,1,0.0
19,2022-01-12 08:10:50,1,4.0,custom,10,50,41,23.0,2022-01-12 08:11:00,3.0,2.0,0,25.0,1.0,win,80.0,,,,2022-01-12 08:11:37,37.0,1,0.0
20,2022-01-12 08:18:23,1,2.0,medium,1,100,100,40.0,2022-01-12 08:18:27,4.0,3.0,0,26.0,1.0,win,40.0,,,,2022-01-12 08:19:03,36.0,1,0.0
21,2022-01-12 08:24:21,2,1.0,easy,1,10,10,10.0,2022-01-12 08:24:26,9.0,9.0,0,27.0,2.0,lose,,improvement,2.0,,2022-01-12 08:24:42,16.0,0,1.0
21,2022-01-12 08:24:21,2,1.0,easy,1,10,10,2.0,2022-01-12 08:24:45,6.0,6.0,0,,,,,,,,,,0,
22,2022-01-12 08:25:41,1,1.0,easy,1,10,10,6.0,2022-01-12 08:25:45,9.0,9.0,0,28.0,3.0,quit,,,,,2022-01-12 08:26:21,36.0,0,0.0
23,2022-01-12 08:28:17,2,1.0,easy,1,10,10,10.0,2022-01-12 08:28:22,3.0,3.0,0,29.0,3.0,quit,,,,,2022-01-12 08:28:31,9.0,0,1.0
23,2022-01-12 08:28:17,2,1.0,easy,1,10,10,5.0,2022-01-12 08:28:35,5.0,5.0,0,30.0,3.0,quit,,,,,2022-01-12 08:28:57,22.0,0,0.0
24,2022-01-12 08:30:08,2,1.0,easy,1,10,10,10.0,2022-01-12 08:30:15,1.0,,0,31.0,1.0,win,100.0,,,,2022-01-12 08:30:18,3.0,1,1.0
24,2022-01-12 08:30:08,2,1.0,easy,1,10,10,4.0,2022-01-12 08:30:20,7.0,7.0,0,32.0,3.0,quit,,,,,2022-01-12 08:31:05,45.0,0,0.0
25,2022-01-12 08:37:58,1,1.0,easy,1,10,10,4.0,2022-01-12 08:38:02,6.0,6.0,0,,,,,,,,,,0,
26,2022-01-12 08:38:59,1,1.0,easy,1,10,10,9.0,2022-01-12 08:39:03,8.0,7.0,0,33.0,1.0,win,30.0,improvement,2.0,,2022-01-12 08:39:39,36.0,1,0.0
27,2022-01-13 18:40:50,2,2.0,medium,1,100,100,96.0,2022-01-13 18:40:56,2.0,1.0,0,34.0,1.0,win,80.0,,,,2022-01-13 18:41:06,10.0,1,1.0
27,2022-01-13 18:40:50,2,2.0,medium,1,100,100,23.0,2022-01-13 18:41:13,2.0,1.0,0,35.0,1.0,win,80.0,recommendation,,level of difficulty,2022-01-13 18:41:24,11.0,1,0.0
28,2022-01-13 18:59:43,2,3.0,hard,1,1000,1000,467.0,2022-01-13 18:59:49,2.0,1.0,0,36.0,1.0,win,75.0,,,,2022-01-13 19:00:08,19.0,1,1.0
28,2022-01-13 18:59:43,2,2.0,medium,1,100,100,79.0,2022-01-13 19:00:14,3.0,2.0,0,37.0,1.0,win,60.0,recommendation,,level of difficulty,2022-01-13 19:00:51,37.0,1,0.0
29,2022-01-13 19:14:58,2,2.0,medium,1,100,100,45.0,2022-01-13 19:15:06,5.0,3.0,1,38.0,1.0,win,20.0,,,,2022-01-13 19:15:48,42.0,1,1.0
29,2022-01-13 19:14:58,2,4.0,custom,3,7,5,3.0,2022-01-13 19:16:02,2.0,1.0,0,39.0,1.0,win,90.0,recommendation,,level of difficulty,2022-01-13 19:16:17,15.000000000000002,1,0.0
30,2022-01-13 19:22:29,2,1.0,easy,1,10,10,7.0,2022-01-13 19:22:39,2.0,1.0,0,40.0,1.0,win,90.0,,,,2022-01-13 19:22:49,10.0,1,1.0
30,2022-01-13 19:22:29,2,4.0,custom,-5,0,6,-2.0,2022-01-13 19:23:06,2.0,1.0,0,41.0,1.0,win,90.0,recommendation,,level of difficulty,2022-01-13 19:23:20,14.0,1,0.0
31,2022-01-13 19:43:03,1,2.0,medium,1,100,100,48.0,2022-01-13 19:43:08,4.0,3.0,0,42.0,1.0,win,40.0,,,,2022-01-13 19:45:41,153.0,1,0.0
32,2022-01-13 19:49:41,3,2.0,medium,1,100,100,43.0,2022-01-13 19:49:47,3.0,2.0,0,43.0,1.0,win,60.0,,,,2022-01-13 19:50:18,31.000000000000004,1,1.0
32,2022-01-13 19:49:41,3,2.0,medium,1,100,100,6.0,2022-01-13 19:50:22,4.0,4.0,0,44.0,2.0,lose,,improvement,2.0,,2022-01-13 19:51:37,75.0,0,1.0
32,2022-01-13 19:49:41,3,2.0,medium,1,100,100,41.0,2022-01-13 19:51:47,3.0,2.0,0,45.0,1.0,win,60.0,recommendation,,level of difficulty,2022-01-13 19:52:16,29.000000000000004,1,0.0
33,2022-01-13 19:54:09,1,2.0,medium,1,100,100,47.0,2022-01-13 19:54:16,4.0,4.0,0,46.0,2.0,lose,,,,,2022-01-13 19:55:02,46.0,0,0.0
34,2022-01-13 19:57:18,1,2.0,medium,1,100,100,69.0,2022-01-13 19:57:22,2.0,1.0,0,47.0,1.0,win,80.0,,,,2022-01-13 19:57:47,25.0,1,0.0
35,2022-01-13 19:59:02,1,3.0,hard,1,1000,1000,961.0,2022-01-13 19:59:09,3.0,3.0,0,48.0,2.0,lose,,,,,2022-01-13 20:01:25,136.0,0,0.0
36,2022-01-13 20:03:06,2,1.0,easy,1,10,10,9.0,2022-01-13 20:03:14,2.0,,1,49.0,1.0,win,90.0,,,,2022-01-13 20:03:24,10.0,1,1.0
36,2022-01-13 20:03:06,2,1.0,easy,1,10,10,8.0,2022-01-13 20:03:27,2.0,1.0,0,50.0,1.0,win,90.0,recommendation,,level of difficulty,2022-01-13 20:03:41,14.0,1,0.0
37,2022-01-13 20:06:53,1,1.0,easy,1,10,10,8.0,2022-01-13 20:06:58,2.0,1.0,0,51.0,1.0,win,90.0,,,,2022-01-13 20:07:06,8.0,1,0.0
38,2022-01-13 20:08:57,1,2.0,medium,1,100,100,21.0,2022-01-13 20:09:02,4.0,3.0,0,52.0,1.0,win,40.0,improvement,2.0,,2022-01-13 20:09:53,51.0,1,0.0
39,2022-01-13 21:49:38,2,2.0,medium,1,100,100,32.0,2022-01-13 21:49:46,4.0,3.0,0,53.0,1.0,win,40.0,,,,2022-01-13 21:50:12,26.0,1,1.0
39,2022-01-13 21:49:38,2,2.0,medium,1,100,100,6.0,2022-01-13 21:50:17,3.0,2.0,0,54.0,1.0,win,60.0,recommendation,,level of difficulty,2022-01-13 21:50:38,21.0,1,0.0
40,2022-01-13 22:07:35,2,2.0,medium,1,100,100,63.0,2022-01-13 22:07:43,3.0,2.0,0,55.0,1.0,win,60.0,,,,2022-01-13 22:09:00,77.0,1,1.0
40,2022-01-13 22:07:35,2,2.0,medium,1,100,100,76.0,2022-01-13 22:09:03,4.0,3.0,0,56.0,1.0,win,40.0,recommendation,,level of difficulty,2022-01-13 22:10:28,85.0,1,0.0
41,2022-01-13 22:16:25,2,1.0,easy,1,10,10,9.0,2022-01-13 22:16:33,3.0,2.0,0,57.0,1.0,win,80.0,,,,2022-01-13 22:16:49,16.0,1,1.0
41,2022-01-13 22:16:25,2,1.0,easy,1,10,10,6.0,2022-01-13 22:16:53,2.0,1.0,0,58.0,1.0,win,90.0,recommendation,,level of difficulty,2022-01-13 22:17:04,11.0,1,0.0
42,2022-01-13 22:28:08,3,2.0,medium,1,100,100,22.0,2022-01-13 22:28:13,4.0,3.0,0,59.0,1.0,win,40.0,,,,2022-01-13 22:28:40,27.0,1,1.0
42,2022-01-13 22:28:08,3,2.0,medium,1,100,100,66.0,2022-01-13 22:28:44,2.0,1.0,0,60.0,1.0,win,80.0,recommendation,,level of difficulty,2022-01-13 22:28:55,11.0,1,1.0
42,2022-01-13 22:28:08,3,3.0,hard,1,1000,1000,515.0,2022-01-13 22:29:01,4.0,3.0,0,61.0,1.0,win,25.0,recommendation,,target score,2022-01-13 22:31:55,174.0,1,0.0
43,2022-01-13 22:42:37,3,2.0,medium,1,100,100,16.0,2022-01-13 22:42:44,4.0,3.0,0,62.0,1.0,win,40.0,,,,2022-01-13 22:43:06,22.0,1,1.0
43,2022-01-13 22:42:37,3,2.0,medium,1,100,100,39.0,2022-01-13 22:43:09,3.0,2.0,0,63.0,1.0,win,60.0,recommendation,,level of difficulty,2022-01-13 22:43:40,31.000000000000004,1,1.0
43,2022-01-13 22:42:37,3,3.0,hard,1,1000,1000,229.0,2022-01-13 22:43:48,4.0,3.0,0,64.0,1.0,win,25.0,recommendation,,level of difficulty,2022-01-13 22:44:50,62.00000000000001,1,0.0
44,2022-01-13 22:52:52,2,2.0,medium,1,100,100,41.0,2022-01-13 22:53:01,4.0,3.0,0,65.0,1.0,win,40.0,improvement,6.0,,2022-01-13 22:53:39,38.0,1,1.0
44,2022-01-13 22:52:52,2,2.0,medium,1,100,100,89.0,2022-01-13 22:53:43,2.0,1.0,0,66.0,1.0,win,80.0,recommendation,,level of difficulty,2022-01-13 22:53:59,16.0,1,0.0
45,2022-01-13 22:57:46,2,1.0,easy,1,10,10,1.0,2022-01-13 22:57:52,2.0,1.0,0,67.0,1.0,win,90.0,,,,2022-01-13 22:58:04,12.0,1,1.0
45,2022-01-13 22:57:46,2,1.0,easy,1,10,10,6.0,2022-01-13 22:58:07,3.0,2.0,0,68.0,1.0,win,80.0,recommendation,,target score,2022-01-13 22:58:21,14.0,1,0.0
46,2022-01-13 23:09:57,2,2.0,medium,1,100,100,22.0,2022-01-13 23:10:06,4.0,3.0,0,69.0,1.0,win,40.0,,,,2022-01-13 23:11:23,77.0,1,1.0
46,2022-01-13 23:09:57,2,2.0,medium,1,100,100,45.0,2022-01-13 23:11:28,4.0,3.0,0,70.0,1.0,win,40.0,recommendation,,target score,2022-01-13 23:11:59,31.000000000000004,1,0.0
47,2022-01-13 23:17:42,2,2.0,medium,1,100,100,48.0,2022-01-13 23:17:47,3.0,2.0,0,71.0,1.0,win,60.0,,,,2022-01-13 23:18:03,16.0,1,1.0
47,2022-01-13 23:17:42,2,2.0,medium,1,100,100,92.0,2022-01-13 23:18:06,2.0,1.0,0,72.0,1.0,win,80.0,recommendation,,level of difficulty,2022-01-13 23:18:20,14.0,1,0.0
48,2022-01-14 07:43:15,3,2.0,medium,1,100,100,54.0,2022-01-14 07:43:25,4.0,3.0,0,73.0,1.0,win,40.0,,,,2022-01-14 07:46:03,158.0,1,1.0
48,2022-01-14 07:43:15,3,2.0,medium,1,100,100,49.0,2022-01-14 07:46:10,3.0,2.0,0,74.0,1.0,win,60.0,recommendation,,level of difficulty,2022-01-14 07:46:35,25.0,1,1.0
48,2022-01-14 07:43:15,3,3.0,hard,1,1000,1000,745.0,2022-01-14 07:46:43,2.0,1.0,0,75.0,1.0,win,75.0,recommendation,,level of difficulty,2022-01-14 07:46:56,13.0,1,0.0
49,2022-01-14 08:21:56,2,1.0,easy,1,10,10,7.0,2022-01-14 08:22:04,2.0,1.0,0,76.0,1.0,win,90.0,,,,2022-01-14 08:22:15,11.0,1,1.0
49,2022-01-14 08:21:56,2,1.0,easy,1,10,10,4.0,2022-01-14 08:22:18,3.0,2.0,0,77.0,1.0,win,80.0,recommendation,,target score,2022-01-14 08:22:30,12.0,1,0.0
50,2022-01-14 08:27:59,1,2.0,medium,1,100,100,11.0,2022-01-14 08:28:07,3.0,2.0,0,78.0,1.0,win,60.0,,,,2022-01-14 08:28:33,26.0,1,0.0
51,2022-01-14 08:31:44,1,2.0,medium,1,100,100,72.0,2022-01-14 08:31:50,3.0,2.0,0,79.0,1.0,win,60.0,,,,2022-01-14 08:32:18,28.0,1,0.0
52,2022-01-14 13:05:09,3,2.0,medium,1,100,100,22.0,2022-01-14 13:05:18,3.0,2.0,0,80.0,1.0,win,60.0,,,,2022-01-14 13:05:50,32.0,1,1.0
52,2022-01-14 13:05:09,3,2.0,medium,1,100,100,14.0,2022-01-14 13:05:53,3.0,2.0,0,81.0,1.0,win,60.0,recommendation,,level of difficulty,2022-01-14 13:06:11,18.0,1,1.0
52,2022-01-14 13:05:09,3,3.0,hard,1,1000,1000,105.0,2022-01-14 13:06:17,3.0,3.0,0,82.0,2.0,lose,,,,,2022-01-14 13:08:08,111.0,0,0.0
53,2022-01-14 14:13:11,3,2.0,medium,1,100,100,49.0,2022-01-14 14:13:18,2.0,1.0,0,83.0,1.0,win,80.0,,,,2022-01-14 14:14:25,67.0,1,1.0
53,2022-01-14 14:13:11,3,2.0,medium,1,100,100,33.0,2022-01-14 14:14:29,3.0,2.0,0,84.0,1.0,win,60.0,recommendation,,level of difficulty,2022-01-14 14:14:46,17.0,1,1.0
53,2022-01-14 14:13:11,3,2.0,medium,1,100,100,82.0,2022-01-14 14:14:50,5.0,4.0,0,85.0,1.0,win,20.0,recommendation,,target score,2022-01-14 14:15:22,32.0,1,0.0
54,2022-01-14 14:21:03,2,2.0,medium,1,100,100,19.0,2022-01-14 14:21:09,4.0,3.0,0,86.0,1.0,win,40.0,,,,2022-01-14 14:21:36,27.0,1,1.0
54,2022-01-14 14:21:03,2,2.0,medium,1,100,100,84.0,2022-01-14 14:21:40,4.0,4.0,0,87.0,2.0,lose,,improvement,3.0,,2022-01-14 14:22:43,63.00000000000001,0,0.0
55,2022-01-14 14:30:18,3,1.0,easy,1,10,10,9.0,2022-01-14 14:30:24,3.0,2.0,0,88.0,1.0,win,80.0,,,,2022-01-14 14:30:37,13.0,1,1.0
55,2022-01-14 14:30:18,3,1.0,easy,1,10,10,2.0,2022-01-14 14:30:40,3.0,2.0,0,89.0,1.0,win,80.0,recommendation,,target score,2022-01-14 14:30:52,12.0,1,1.0
55,2022-01-14 14:30:18,3,2.0,medium,1,100,100,67.0,2022-01-14 14:30:59,3.0,2.0,0,90.0,1.0,win,60.0,improvement,7.0,,2022-01-14 14:31:19,20.0,1,0.0
56,2022-01-14 19:18:35,4,2.0,medium,1,100,100,39.0,2022-01-14 19:18:43,3.0,2.0,0,91.0,1.0,win,60.0,,,,2022-01-14 19:19:17,34.0,1,1.0
56,2022-01-14 19:18:35,4,2.0,medium,1,100,100,18.0,2022-01-14 19:19:20,3.0,2.0,0,92.0,1.0,win,60.0,recommendation,,level of difficulty,2022-01-14 19:19:49,29.000000000000004,1,1.0
56,2022-01-14 19:18:35,4,3.0,hard,1,1000,1000,233.0,2022-01-14 19:19:55,4.0,3.0,0,93.0,1.0,win,25.0,improvement,7.0,,2022-01-14 19:21:00,65.0,1,1.0
56,2022-01-14 19:18:35,4,3.0,hard,1,1000,1000,11.0,2022-01-14 19:21:06,3.0,3.0,0,94.0,2.0,lose,,,,,2022-01-14 19:23:24,138.0,0,0.0
57,2022-01-20 09:24:30,1,3.0,hard,1,1000,1000,346.0,2022-01-20 09:24:43,3.0,2.0,0,95.0,1.0,win,50.0,,,,2022-01-20 09:26:16,93.0,1,1.0
58,2022-01-20 10:23:34,2,2.0,medium,1,100,100,52.0,2022-01-20 10:24:15,2.0,1.0,0,96.0,1.0,win,80.0,,,,2022-01-20 10:24:34,19.0,1,1.0
58,2022-01-20 10:23:34,2,1.0,easy,1,10,10,4.0,2022-01-20 10:25:20,3.0,2.0,0,97.0,1.0,win,80.0,,,,2022-01-20 10:26:12,52.0,1,0.0
59,2022-01-20 10:27:44,2,3.0,hard,1,1000,1000,857.0,2022-01-20 10:28:01,3.0,3.0,0,98.0,3.0,quit,,,,,2022-01-20 10:31:08,187.0,0,1.0
59,2022-01-20 10:27:44,2,4.0,custom,25,75,51,60.0,2022-01-20 10:33:15,2.0,1.0,0,99.0,1.0,win,90.0,,,,2022-01-20 10:33:35,20.0,1,0.0
60,2022-01-20 10:36:36,4,2.0,medium,1,100,100,9.0,2022-01-20 10:36:52,5.0,4.0,0,100.0,1.0,win,20.0,improvement,2.0,,2022-01-20 10:38:34,102.0,1,1.0
60,2022-01-20 10:36:36,4,2.0,medium,1,100,100,91.0,2022-01-20 10:39:12,4.0,4.0,0,101.0,2.0,lose,,,,,2022-01-20 10:40:04,52.0,0,1.0
60,2022-01-20 10:36:36,4,2.0,medium,1,100,100,33.0,2022-01-20 10:40:07,3.0,2.0,0,102.0,1.0,win,60.0,recommendation,,level of difficulty,2022-01-20 10:40:27,20.0,1,1.0
60,2022-01-20 10:36:36,4,2.0,medium,1,100,100,64.0,2022-01-20 10:55:05,2.0,,2,,,,,,,,,,0,
61,2022-01-20 15:07:17,2,1.0,easy,1,10,10,7.0,2022-01-20 15:07:25,3.0,2.0,0,103.0,1.0,win,80.0,improvement,2.0,,2022-01-20 15:07:39,14.0,1,1.0
61,2022-01-20 15:07:17,2,1.0,easy,1,10,10,6.0,2022-01-20 15:07:50,3.0,2.0,0,104.0,1.0,win,80.0,improvement,1.0,,2022-01-20 15:08:10,20.0,1,0.0
64,2022-01-21 20:31:20,2,1.0,easy,1,10,10,7.0,2022-01-21 20:31:27,2.0,1.0,0,105.0,1.0,win,90.0,,,,2022-01-21 20:31:36,9.0,1,1.0
64,2022-01-21 20:31:20,2,1.0,easy,1,10,10,8.0,2022-01-21 20:31:40,3.0,2.0,0,106.0,1.0,win,80.0,,,,2022-01-21 20:31:57,17.0,1,0.0
65,2022-01-21 20:45:20,2,1.0,easy,1,10,10,3.0,2022-01-21 20:45:30,3.0,2.0,0,107.0,1.0,win,80.0,,,,2022-01-21 20:45:43,13.0,1,1.0
65,2022-01-21 20:45:20,2,1.0,easy,1,10,10,5.0,2022-01-21 20:45:46,3.0,2.0,0,108.0,1.0,win,80.0,,,,2022-01-21 20:46:03,17.0,1,0.0
67,2022-01-21 20:54:43,4,1.0,easy,1,10,10,9.0,2022-01-21 20:54:50,3.0,2.0,0,109.0,1.0,win,80.0,,,,2022-01-21 20:55:03,13.0,1,1.0
67,2022-01-21 20:54:43,4,1.0,easy,1,10,10,5.0,2022-01-21 20:55:05,2.0,1.0,0,110.0,1.0,win,90.0,recommendation,,level of difficulty,2022-01-21 20:55:15,10.0,1,1.0
67,2022-01-21 20:54:43,4,2.0,medium,1,100,100,32.0,2022-01-21 20:55:23,3.0,2.0,0,111.0,1.0,win,60.0,recommendation,,level of difficulty,2022-01-21 20:55:44,21.0,1,1.0
67,2022-01-21 20:54:43,4,3.0,hard,1,1000,1000,165.0,2022-01-21 20:55:48,3.0,3.0,0,112.0,2.0,lose,,,,,2022-01-21 20:57:45,117.00000000000001,0,0.0
73,2022-01-29 14:49:11,1,2.0,medium,1,100,100,34.0,2022-01-29 14:49:18,5.0,4.0,0,113.0,1.0,win,20.0,,,,2022-01-29 14:49:56,38.0,1,1.0
74,2022-01-29 14:54:05,1,2.0,medium,1,100,100,17.0,2022-01-29 14:54:12,4.0,3.0,0,114.0,1.0,win,40.0,,,,2022-01-29 14:54:50,38.0,1,1.0
75,2022-01-29 14:58:16,2,4.0,custom,3,11,9,9.0,2022-01-29 14:58:33,5.0,2.0,2,115.0,1.0,win,60.0,,,,2022-01-29 14:58:57,24.0,1,1.0
75,2022-01-29 14:58:16,2,3.0,hard,1,1000,1000,918.0,2022-01-29 14:59:03,4.0,3.0,0,116.0,1.0,win,25.0,recommendation,,target score,2022-01-29 15:00:36,93.0,1,0.0
77,2022-01-29 19:10:23,1,4.0,custom,1,1000,1000,532.0,2022-01-29 19:10:34,5.0,4.0,0,117.0,1.0,win,60.0,,,,2022-01-29 19:12:57,143.0,1,0.0
78,2022-01-29 22:58:56,1,4.0,custom,1,1000,1000,793.0,2022-01-29 22:59:09,5.0,4.0,0,118.0,1.0,win,60.0,improvement,2.0,,2022-01-29 23:02:51,222.0,1,0.0
79,2022-01-30 10:08:06,1,4.0,custom,1,1000,1000,788.0,2022-01-30 10:08:19,1.0,1.0,0,,,,,,,,,,0,
80,2022-01-30 10:10:16,1,4.0,custom,1,1000,1000,55.0,2022-01-30 10:10:34,5.0,4.0,0,119.0,1.0,win,60.0,,,,2022-01-30 10:13:48,194.0,1,0.0
81,2022-01-30 10:26:07,1,4.0,custom,1,1000,1000,741.0,2022-01-30 10:26:22,3.0,2.0,0,120.0,1.0,win,80.0,,,,2022-01-30 10:26:53,31.000000000000004,1,0.0
82,2022-01-30 10:33:35,1,4.0,custom,1,100,100,11.0,2022-01-30 10:33:44,2.0,1.0,0,121.0,1.0,win,90.0,,,,2022-01-30 10:33:54,10.0,1,0.0
83,2022-01-30 10:36:10,1,4.0,custom,1,100,100,29.0,2022-01-30 10:36:21,3.0,2.0,0,122.0,1.0,win,80.0,,,,2022-01-30 10:36:46,25.0,1,0.0
84,2022-01-30 10:39:22,1,1.0,easy,1,10,10,10.0,2022-01-30 10:39:27,3.0,2.0,0,123.0,1.0,win,80.0,,,,2022-01-30 10:39:42,15.000000000000002,1,0.0
85,2022-01-30 10:55:24,1,4.0,custom,1,100,100,87.0,2022-01-30 10:55:34,5.0,4.0,0,124.0,1.0,win,60.0,,,,2022-01-30 10:56:19,45.0,1,0.0
86,2022-01-30 13:53:32,2,4.0,custom,1,50,50,25.0,2022-01-30 13:53:47,5.0,4.0,0,125.0,1.0,win,60.0,,,,2022-01-30 13:55:45,118.00000000000001,1,1.0
86,2022-01-30 13:53:32,2,2.0,medium,1,100,100,36.0,2022-01-30 14:07:22,3.0,2.0,0,126.0,1.0,win,60.0,improvement,1.0,,2022-01-30 14:07:46,24.0,1,0.0
87,2022-01-30 14:28:27,7,4.0,custom,10,100,91,64.0,2022-01-30 14:28:41,3.0,2.0,0,127.0,1.0,win,80.0,,,,2022-01-30 14:29:17,36.0,1,1.0
87,2022-01-30 14:28:27,7,4.0,custom,10,100,91,62.0,2022-01-30 14:29:28,9.0,8.0,1,128.0,2.0,lose,,,,,2022-01-30 14:32:50,202.0,0,1.0
87,2022-01-30 14:28:27,7,4.0,custom,10,100,91,81.0,2022-01-30 14:33:13,5.0,3.0,1,129.0,1.0,win,60.0,improvement,1.0,,2022-01-30 14:35:43,150.0,1,1.0
87,2022-01-30 14:28:27,7,4.0,custom,10,100,91,85.0,2022-01-30 14:35:53,6.0,4.0,1,130.0,1.0,win,50.0,improvement,3.0,,2022-01-30 14:39:12,199.0,1,1.0
87,2022-01-30 14:28:27,7,4.0,custom,10,100,91,11.0,2022-01-30 14:40:25,3.0,2.0,0,131.0,1.0,win,80.0,recommendation,,target score,2022-01-30 14:42:01,96.0,1,1.0
87,2022-01-30 14:28:27,7,4.0,custom,10,100,91,25.0,2022-01-30 14:42:11,9.0,8.0,1,132.0,2.0,lose,,improvement,2.0,,2022-01-30 14:46:26,255.00000000000003,0,1.0
87,2022-01-30 14:28:27,7,4.0,custom,10,100,91,37.0,2022-01-30 14:58:58,9.0,9.0,0,,,,,,,,,,0,
88,2022-01-30 15:19:03,1,4.0,custom,10,100,91,20.0,2022-01-30 15:19:19,7.0,6.0,0,133.0,1.0,win,40.0,improvement,7.0,,2022-01-30 15:22:17,178.0,1,0.0
89,2022-01-30 17:25:23,3,2.0,medium,1,100,100,40.0,2022-01-30 17:25:34,3.0,2.0,0,134.0,1.0,win,60.0,,,,2022-01-30 17:27:53,139.0,1,1.0
89,2022-01-30 17:25:23,3,2.0,medium,1,100,100,41.0,2022-01-30 17:27:57,3.0,2.0,0,135.0,1.0,win,60.0,recommendation,,level of difficulty,2022-01-30 17:28:22,25.0,1,1.0
89,2022-01-30 17:25:23,3,3.0,hard,1,1000,1000,578.0,2022-01-30 17:28:31,4.0,3.0,0,136.0,1.0,win,25.0,recommendation,,target score,2022-01-30 17:29:23,52.0,1,0.0
90,2022-01-30 19:32:50,2,2.0,medium,1,100,100,100.0,2022-01-30 19:32:58,5.0,4.0,0,137.0,1.0,win,20.0,improvement,3.0,,2022-01-30 19:33:33,35.0,1,1.0
90,2022-01-30 19:32:50,2,2.0,medium,1,100,100,28.0,2022-01-30 19:35:02,4.0,3.0,0,138.0,1.0,win,40.0,improvement,5.0,,2022-01-30 19:35:30,28.0,1,0.0
103,2022-01-31 04:34:04,9,2.0,medium,1,100,100,94.0,2022-01-31 04:34:14,3.0,2.0,0,139.0,1.0,win,60.0,,,,2022-01-31 04:35:06,52.0,1,1.0
103,2022-01-31 04:34:04,9,2.0,medium,1,100,100,14.0,2022-01-31 04:35:14,3.0,2.0,0,140.0,1.0,win,60.0,recommendation,,target score,2022-01-31 04:35:39,25.0,1,1.0
103,2022-01-31 04:34:04,9,2.0,medium,1,100,100,41.0,2022-01-31 04:35:47,4.0,3.0,0,141.0,1.0,win,40.0,recommendation,,target score,2022-01-31 04:36:18,31.000000000000004,1,1.0
103,2022-01-31 04:34:04,9,2.0,medium,1,100,100,86.0,2022-01-31 04:36:27,3.0,2.0,0,142.0,1.0,win,60.0,recommendation,,target score,2022-01-31 04:37:11,44.0,1,1.0
103,2022-01-31 04:34:04,9,2.0,medium,1,100,100,36.0,2022-01-31 04:37:20,2.0,1.0,0,143.0,1.0,win,80.0,recommendation,,target score,2022-01-31 04:37:39,19.0,1,1.0
103,2022-01-31 04:34:04,9,2.0,medium,1,100,100,63.0,2022-01-31 04:42:33,4.0,3.0,0,144.0,1.0,win,40.0,recommendation,,target score,2022-01-31 04:43:25,52.0,1,1.0
103,2022-01-31 04:34:04,9,1.0,easy,1,10,10,6.0,2022-01-31 04:43:37,1.0,,0,145.0,1.0,win,100.0,recommendation,,level of difficulty,2022-01-31 04:43:42,5.0,1,1.0
103,2022-01-31 04:34:04,9,1.0,easy,1,10,10,3.0,2022-01-31 04:43:49,1.0,,0,146.0,1.0,win,100.0,recommendation,,level of difficulty,2022-01-31 04:43:52,3.0,1,1.0
103,2022-01-31 04:34:04,9,1.0,easy,1,10,10,2.0,2022-01-31 04:43:56,2.0,1.0,0,147.0,1.0,win,90.0,recommendation,,level of difficulty,2022-01-31 04:44:04,8.0,1,0.0
104,2022-01-31 19:05:52,1,2.0,medium,1,100,100,61.0,2022-01-31 19:06:02,3.0,2.0,0,148.0,1.0,win,60.0,,,,2022-01-31 19:06:32,30.000000000000004,1,0.0
105,2022-01-31 19:07:32,1,2.0,medium,1,100,100,54.0,2022-01-31 19:07:40,4.0,4.0,0,,,,,,,,,,0,
106,2022-01-31 19:24:18,1,2.0,medium,1,100,100,75.0,2022-01-31 19:24:26,4.0,3.0,0,,,,,,,,,,0,
107,2022-01-31 19:26:13,1,2.0,medium,1,100,100,44.0,2022-01-31 19:26:19,4.0,3.0,0,149.0,1.0,win,40.0,,,,2022-01-31 19:26:47,28.0,1,0.0
108,2022-01-31 19:28:23,1,2.0,medium,1,100,100,9.0,2022-01-31 19:28:30,3.0,2.0,0,150.0,1.0,win,60.0,,,,2022-01-31 19:28:49,19.0,1,0.0
109,2022-01-31 19:29:34,1,2.0,medium,1,100,100,21.0,2022-01-31 19:29:41,4.0,3.0,0,151.0,1.0,win,40.0,,,,2022-01-31 19:30:04,23.0,1,0.0
110,2022-01-31 19:30:43,1,2.0,medium,1,100,100,99.0,2022-01-31 19:30:51,3.0,2.0,0,152.0,1.0,win,60.0,,,,2022-01-31 19:31:08,17.0,1,0.0
111,2022-01-31 19:34:27,1,2.0,medium,1,100,100,72.0,2022-01-31 19:34:34,4.0,3.0,0,153.0,1.0,win,40.0,improvement,1.0,,2022-01-31 19:34:53,19.0,1,0.0
112,2022-01-31 19:41:31,1,2.0,medium,1,100,100,40.0,2022-01-31 19:41:38,4.0,3.0,0,154.0,1.0,win,40.0,,,,2022-01-31 19:42:04,26.0,1,0.0
113,2022-01-31 19:48:27,5,1.0,easy,1,10,10,2.0,2022-01-31 19:48:33,2.0,1.0,0,155.0,1.0,win,90.0,,,,2022-01-31 19:48:41,8.0,1,1.0
113,2022-01-31 19:48:27,5,1.0,easy,1,10,10,3.0,2022-01-31 19:48:44,1.0,,0,156.0,1.0,win,100.0,recommendation,,level of difficulty,2022-01-31 19:48:47,3.0,1,1.0
113,2022-01-31 19:48:27,5,1.0,easy,1,10,10,2.0,2022-01-31 19:48:50,4.0,3.0,0,157.0,1.0,win,70.0,improvement,2.0,,2022-01-31 19:49:06,16.0,1,1.0
113,2022-01-31 19:48:27,5,1.0,easy,1,10,10,6.0,2022-01-31 19:49:13,2.0,1.0,0,158.0,1.0,win,90.0,recommendation,,level of difficulty,2022-01-31 19:49:20,7.0,1,1.0
113,2022-01-31 19:48:27,5,2.0,medium,1,100,100,84.0,2022-01-31 19:49:24,3.0,2.0,0,159.0,1.0,win,60.0,recommendation,,target score,2022-01-31 19:49:57,33.0,1,0.0
114,2022-01-31 20:06:22,3,2.0,medium,1,100,100,86.0,2022-01-31 20:06:29,4.0,3.0,0,160.0,1.0,win,40.0,,,,2022-01-31 20:07:07,38.0,1,1.0
114,2022-01-31 20:06:22,3,2.0,medium,1,100,100,79.0,2022-01-31 20:07:09,4.0,3.0,0,161.0,1.0,win,40.0,improvement,2.0,,2022-01-31 20:07:38,29.000000000000004,1,1.0
114,2022-01-31 20:06:22,3,2.0,medium,1,100,100,72.0,2022-01-31 20:07:44,3.0,2.0,0,162.0,1.0,win,60.0,recommendation,,target score,2022-01-31 20:08:02,18.0,1,0.0
115,2022-01-31 20:17:44,1,2.0,medium,1,100,100,76.0,2022-01-31 20:17:53,5.0,4.0,0,163.0,1.0,win,20.0,,,,2022-01-31 20:19:54,121.00000000000001,1,1.0
116,2022-01-31 20:20:15,5,1.0,easy,1,10,10,2.0,2022-01-31 20:20:23,3.0,2.0,0,164.0,1.0,win,80.0,,,,2022-01-31 20:20:36,13.0,1,1.0
116,2022-01-31 20:20:15,5,1.0,easy,1,10,10,4.0,2022-01-31 20:20:40,2.0,1.0,0,165.0,1.0,win,90.0,recommendation,,level of difficulty,2022-01-31 20:20:47,7.0,1,1.0
116,2022-01-31 20:20:15,5,2.0,medium,1,100,100,15.0,2022-01-31 20:20:53,4.0,4.0,0,166.0,2.0,lose,,,,,2022-01-31 20:22:35,102.0,0,1.0
116,2022-01-31 20:20:15,5,2.0,medium,1,100,100,81.0,2022-01-31 20:22:40,2.0,1.0,0,167.0,1.0,win,80.0,recommendation,,level of difficulty,2022-01-31 20:23:28,48.0,1,1.0
116,2022-01-31 20:20:15,5,3.0,hard,1,1000,1000,93.0,2022-01-31 20:23:36,3.0,2.0,0,168.0,1.0,win,50.0,recommendation,,target score,2022-01-31 20:23:55,19.0,1,0.0
117,2022-02-01 19:53:38,1,2.0,medium,1,100,100,45.0,2022-02-01 19:53:47,1.0,1.0,0,,,,,,,,,,0,
118,2022-02-01 19:56:28,7,2.0,medium,1,100,100,73.0,2022-02-01 19:56:35,2.0,1.0,0,169.0,1.0,win,80.0,,,,2022-02-01 19:56:47,12.0,1,1.0
118,2022-02-01 19:56:28,7,2.0,medium,1,100,100,61.0,2022-02-01 19:56:52,3.0,2.0,0,170.0,1.0,win,60.0,recommendation,,target score,2022-02-01 19:57:13,21.0,1,1.0
118,2022-02-01 19:56:28,7,2.0,medium,1,100,100,69.0,2022-02-01 19:57:18,3.0,2.0,0,171.0,1.0,win,60.0,recommendation,,target score,2022-02-01 19:57:44,26.0,1,1.0
118,2022-02-01 19:56:28,7,2.0,medium,1,100,100,58.0,2022-02-01 19:57:49,2.0,1.0,0,172.0,1.0,win,80.0,recommendation,,level of difficulty,2022-02-01 19:58:13,24.0,1,1.0
118,2022-02-01 19:56:28,7,3.0,hard,1,1000,1000,887.0,2022-02-01 19:58:19,3.0,2.0,0,173.0,1.0,win,50.0,recommendation,,target score,2022-02-01 20:00:06,107.0,1,1.0
118,2022-02-01 19:56:28,7,3.0,hard,1,1000,1000,803.0,2022-02-01 20:00:15,4.0,3.0,0,174.0,1.0,win,25.0,recommendation,,target score,2022-02-01 20:04:31,256.0,1,1.0
118,2022-02-01 19:56:28,7,3.0,hard,1,1000,1000,650.0,2022-02-01 20:04:41,3.0,2.0,0,175.0,1.0,win,50.0,,,,2022-02-01 20:05:11,30.000000000000004,1,0.0
119,2022-02-01 20:07:25,13,4.0,custom,1,50,50,25.0,2022-02-01 20:07:39,3.0,2.0,0,176.0,1.0,win,80.0,,,,2022-02-01 20:07:52,13.0,1,1.0
119,2022-02-01 20:07:25,13,4.0,custom,1,50,50,40.0,2022-02-01 20:08:00,4.0,2.0,1,177.0,1.0,win,70.0,recommendation,,target score,2022-02-01 20:08:26,26.0,1,1.0
119,2022-02-01 20:07:25,13,4.0,custom,1,50,50,13.0,2022-02-01 20:08:38,2.0,1.0,0,178.0,1.0,win,90.0,recommendation,,level of difficulty,2022-02-01 20:08:54,16.0,1,1.0
119,2022-02-01 20:07:25,13,1.0,easy,1,10,10,1.0,2022-02-01 20:09:17,2.0,1.0,0,179.0,1.0,win,90.0,recommendation,,level of difficulty,2022-02-01 20:09:31,14.0,1,1.0
119,2022-02-01 20:07:25,13,2.0,medium,1,100,100,37.0,2022-02-01 20:09:42,4.0,3.0,0,181.0,1.0,win,40.0,recommendation,,target score,2022-02-01 20:10:05,23.0,1,1.0
119,2022-02-01 20:07:25,13,2.0,medium,1,100,100,87.0,2022-02-01 20:10:10,3.0,2.0,0,182.0,1.0,win,60.0,recommendation,,target score,2022-02-01 20:10:39,29.000000000000004,1,1.0
119,2022-02-01 20:07:25,13,2.0,medium,1,100,100,15.0,2022-02-01 20:10:44,5.0,4.0,0,183.0,1.0,win,20.0,recommendation,,target score,2022-02-01 20:12:09,85.0,1,1.0
119,2022-02-01 20:07:25,13,2.0,medium,1,100,100,50.0,2022-02-01 20:13:16,3.0,2.0,0,184.0,1.0,win,60.0,recommendation,,target score,2022-02-01 20:13:35,19.0,1,1.0
119,2022-02-01 20:07:25,13,2.0,medium,1,100,100,61.0,2022-02-01 20:13:45,2.0,1.0,0,185.0,1.0,win,80.0,recommendation,,level of difficulty,2022-02-01 20:14:00,15.000000000000002,1,1.0
119,2022-02-01 20:07:25,13,3.0,hard,1,1000,1000,496.0,2022-02-01 20:14:10,4.0,3.0,0,186.0,1.0,win,25.0,recommendation,,target score,2022-02-01 20:15:21,71.0,1,1.0
119,2022-02-01 20:07:25,13,3.0,hard,1,1000,1000,949.0,2022-02-01 20:15:29,4.0,3.0,0,187.0,1.0,win,25.0,recommendation,,target score,2022-02-01 20:16:39,70.0,1,1.0
119,2022-02-01 20:07:25,13,3.0,hard,1,1000,1000,690.0,2022-02-01 20:16:43,3.0,2.0,0,188.0,1.0,win,50.0,recommendation,,target score,2022-02-01 20:17:59,76.0,1,1.0
119,2022-02-01 20:07:25,13,3.0,hard,1,1000,1000,54.0,2022-02-01 20:18:03,3.0,3.0,0,189.0,2.0,lose,,,,,2022-02-01 20:19:13,70.0,0,0.0
120,2022-02-01 20:20:23,3,2.0,medium,1,100,100,50.0,2022-02-01 20:20:37,3.0,2.0,0,190.0,1.0,win,60.0,improvement,1.0,,2022-02-01 20:21:01,24.0,1,1.0
120,2022-02-01 20:20:23,3,2.0,medium,1,100,100,74.0,2022-02-01 20:21:05,4.0,4.0,0,191.0,2.0,lose,,improvement,4.0,,2022-02-01 20:22:17,72.0,0,1.0
120,2022-02-01 20:20:23,3,2.0,medium,1,100,100,79.0,2022-02-01 20:22:24,4.0,3.0,0,192.0,1.0,win,40.0,improvement,5.0,,2022-02-01 20:23:01,37.0,1,0.0
121,2022-02-02 13:30:09,4,1.0,easy,1,10,10,10.0,2022-02-02 13:30:57,5.0,4.0,0,193.0,1.0,win,60.0,,,,2022-02-02 13:32:33,96.0,1,1.0
121,2022-02-02 13:30:09,4,2.0,medium,1,100,100,24.0,2022-02-02 13:34:07,4.0,4.0,0,194.0,2.0,lose,,,,,2022-02-02 13:46:11,724.0,0,1.0
121,2022-02-02 13:30:09,4,3.0,hard,1,1000,1000,228.0,2022-02-02 13:47:45,3.0,3.0,0,195.0,2.0,lose,,,,,2022-02-02 13:54:35,410.0,0,1.0
121,2022-02-02 13:30:09,4,1.0,easy,1,10,10,6.0,2022-02-02 13:55:49,4.0,3.0,0,196.0,1.0,win,70.0,improvement,2.0,,2022-02-02 13:56:17,28.0,1,0.0
122,2022-02-03 17:31:45,2,1.0,easy,1,10,10,4.0,2022-02-03 17:32:20,3.0,2.0,0,197.0,1.0,win,80.0,,,,2022-02-03 17:32:59,39.0,1,1.0
122,2022-02-03 17:31:45,2,2.0,medium,1,100,100,32.0,2022-02-03 17:33:21,3.0,2.0,0,198.0,1.0,win,60.0,recommendation,,target score,2022-02-03 17:34:02,41.0,1,0.0
123,2022-02-03 17:42:24,2,2.0,medium,1,100,100,51.0,2022-02-03 17:42:34,3.0,2.0,0,199.0,1.0,win,60.0,,,,2022-02-03 17:43:04,30.000000000000004,1,1.0
123,2022-02-03 17:42:24,2,4.0,custom,1,1000,1000,723.0,2022-02-03 17:43:14,6.0,3.0,2,200.0,1.0,win,50.0,improvement,1.0,,2022-02-03 17:44:50,96.0,1,1.0
124,2022-02-03 18:11:03,3,1.0,easy,1,10,10,2.0,2022-02-03 18:11:12,3.0,2.0,0,201.0,1.0,win,80.0,,,,2022-02-03 18:11:25,13.0,1,1.0
124,2022-02-03 18:11:03,3,1.0,easy,1,10,10,4.0,2022-02-03 18:11:28,2.0,1.0,0,202.0,1.0,win,90.0,recommendation,,level of difficulty,2022-02-03 18:11:37,9.0,1,1.0
124,2022-02-03 18:11:03,3,2.0,medium,1,100,100,66.0,2022-02-03 18:11:46,4.0,3.0,0,203.0,1.0,win,40.0,recommendation,,target score,2022-02-03 18:12:32,46.0,1,0.0
125,2022-02-03 19:05:14,1,2.0,medium,1,100,100,82.0,2022-02-03 19:05:24,5.0,4.0,0,204.0,1.0,win,20.0,,,,2022-02-03 19:06:13,49.0,1,0.0
126,2022-02-03 19:07:05,2,2.0,medium,1,100,100,29.0,2022-02-03 19:07:13,4.0,3.0,0,205.0,1.0,win,40.0,improvement,7.0,,2022-02-03 19:08:18,65.0,1,1.0
126,2022-02-03 19:07:05,2,2.0,medium,1,100,100,3.0,2022-02-03 19:08:31,3.0,2.0,0,206.0,1.0,win,60.0,improvement,3.0,,2022-02-03 19:08:46,15.000000000000002,1,1.0
128,2022-02-04 16:18:20,2,2.0,medium,1,100,100,61.0,2022-02-04 16:18:29,2.0,1.0,0,207.0,1.0,win,80.0,,,,2022-02-04 16:18:38,9.0,1,1.0
128,2022-02-04 16:18:20,2,2.0,medium,1,100,100,78.0,2022-02-04 16:18:42,2.0,1.0,0,208.0,1.0,win,80.0,,,,2022-02-04 16:19:19,37.0,1,0.0
129,2022-02-04 16:21:14,3,2.0,medium,1,100,100,18.0,2022-02-04 16:21:23,2.0,1.0,0,209.0,1.0,win,80.0,,,,2022-02-04 16:21:35,12.0,1,1.0
129,2022-02-04 16:21:14,3,2.0,medium,1,100,100,46.0,2022-02-04 16:21:40,4.0,3.0,0,210.0,1.0,win,40.0,recommendation,,target score,2022-02-04 16:22:42,62.00000000000001,1,1.0
129,2022-02-04 16:21:14,3,2.0,medium,1,100,100,37.0,2022-02-04 16:22:48,4.0,3.0,0,211.0,1.0,win,40.0,recommendation,,target score,2022-02-04 16:23:17,29.000000000000004,1,0.0
130,2022-02-04 17:43:27,1,2.0,medium,1,100,100,62.0,2022-02-04 17:43:38,3.0,2.0,0,212.0,1.0,win,60.0,,,,2022-02-04 17:43:54,16.0,1,0.0
131,2022-02-04 17:45:40,1,2.0,medium,1,100,100,25.0,2022-02-04 17:45:48,3.0,2.0,0,213.0,1.0,win,60.0,,,,2022-02-04 17:46:07,19.0,1,0.0
132,2022-02-04 17:47:10,1,2.0,medium,1,100,100,72.0,2022-02-04 17:47:19,3.0,2.0,0,214.0,1.0,win,60.0,improvement,1.0,,2022-02-04 17:47:34,15.000000000000002,1,0.0
133,2022-02-04 17:49:05,2,2.0,medium,1,100,100,76.0,2022-02-04 17:52:29,3.0,2.0,0,215.0,1.0,win,60.0,improvement,4.0,,2022-02-04 17:52:45,16.0,1,1.0
133,2022-02-04 17:49:05,2,2.0,medium,1,100,100,88.0,2022-02-04 17:52:55,3.0,2.0,0,216.0,1.0,win,60.0,improvement,2.0,,2022-02-04 17:53:24,29.000000000000004,1,0.0
134,2022-02-04 17:58:50,3,2.0,medium,1,100,100,90.0,2022-02-04 17:58:59,4.0,4.0,0,217.0,2.0,lose,,improvement,1.0,,2022-02-04 17:59:45,46.0,0,1.0
134,2022-02-04 17:58:50,3,2.0,medium,1,100,100,48.0,2022-02-04 17:59:53,3.0,2.0,0,218.0,1.0,win,60.0,recommendation,,target score,2022-02-04 18:00:13,20.0,1,1.0
134,2022-02-04 17:58:50,3,2.0,medium,1,100,100,43.0,2022-02-04 18:00:16,3.0,2.0,0,219.0,1.0,win,60.0,improvement,2.0,,2022-02-04 18:00:40,24.0,1,0.0
135,2022-02-04 18:27:15,3,2.0,medium,1,100,100,58.0,2022-02-04 18:27:32,3.0,2.0,0,220.0,1.0,win,60.0,,,,2022-02-04 18:29:11,99.0,1,1.0
135,2022-02-04 18:27:15,3,2.0,medium,1,100,100,77.0,2022-02-04 18:29:36,4.0,3.0,0,221.0,1.0,win,40.0,improvement,2.0,,2022-02-04 18:30:06,30.000000000000004,1,1.0
135,2022-02-04 18:27:15,3,2.0,medium,1,100,100,19.0,2022-02-04 18:30:34,4.0,4.0,0,222.0,2.0,lose,,improvement,2.0,,2022-02-04 18:31:01,27.0,0,1.0
136,2022-02-04 18:33:19,4,2.0,medium,1,100,100,91.0,2022-02-04 18:33:30,3.0,2.0,0,224.0,1.0,win,60.0,,,,2022-02-04 18:34:33,63.00000000000001,1,1.0
136,2022-02-04 18:33:19,4,2.0,medium,1,100,100,87.0,2022-02-04 18:34:40,3.0,2.0,0,225.0,1.0,win,60.0,improvement,2.0,,2022-02-04 18:35:10,30.000000000000004,1,1.0
136,2022-02-04 18:33:19,4,2.0,medium,1,100,100,87.0,2022-02-04 18:35:13,1.0,,0,226.0,1.0,win,100.0,recommendation,,level of difficulty,2022-02-04 18:35:22,9.0,1,1.0
136,2022-02-04 18:33:19,4,3.0,hard,1,1000,1000,543.0,2022-02-04 18:35:28,3.0,3.0,0,227.0,2.0,lose,,improvement,2.0,,2022-02-04 18:35:57,29.000000000000004,0,1.0
140,2022-02-05 12:34:58,1,1.0,easy,1,10,10,4.0,2022-02-05 12:35:12,1.0,,0,229.0,1.0,win,100.0,,,,2022-02-05 12:35:17,5.0,1,1.0
141,2022-02-05 12:38:54,4,1.0,easy,1,10,10,1.0,2022-02-05 12:39:11,1.0,,0,230.0,1.0,win,80.0,,,,2022-02-05 12:39:31,20.0,1,1.0
141,2022-02-05 12:38:54,4,1.0,easy,1,10,10,1.0,2022-02-05 12:39:44,1.0,,0,231.0,1.0,win,90.0,recommendation,,target score,2022-02-05 12:39:56,12.0,1,1.0
141,2022-02-05 12:38:54,4,1.0,easy,1,10,10,1.0,2022-02-05 12:40:30,1.0,,0,232.0,1.0,win,80.0,recommendation,,target score,2022-02-05 12:40:45,15.000000000000002,1,1.0
141,2022-02-05 12:38:54,4,1.0,easy,1,10,10,8.0,2022-02-05 12:40:52,1.0,,0,233.0,1.0,win,80.0,recommendation,,target score,2022-02-05 12:41:07,15.000000000000002,1,1.0
142,2022-02-05 12:46:03,5,1.0,easy,1,10,10,10.0,2022-02-05 12:47:05,1.0,,0,234.0,1.0,win,80.0,,,,2022-02-05 12:47:19,14.0,1,1.0
142,2022-02-05 12:46:03,5,1.0,easy,1,10,10,7.0,2022-02-05 12:47:22,1.0,,0,235.0,1.0,win,90.0,recommendation,,target score,2022-02-05 12:47:31,9.0,1,1.0
142,2022-02-05 12:46:03,5,1.0,easy,1,10,10,3.0,2022-02-05 12:48:02,1.0,,0,236.0,1.0,win,80.0,recommendation,,target score,2022-02-05 12:48:16,14.0,1,1.0
142,2022-02-05 12:46:03,5,1.0,easy,1,10,10,2.0,2022-02-05 12:48:20,1.0,,0,237.0,1.0,win,80.0,recommendation,,target score,2022-02-05 12:48:30,10.0,1,1.0
142,2022-02-05 12:46:03,5,2.0,medium,1,100,100,85.0,2022-02-05 12:48:51,1.0,,0,238.0,1.0,win,80.0,recommendation,,target score,2022-02-05 12:49:15,24.0,1,0.0
143,2022-02-05 12:57:56,4,1.0,easy,1,10,10,8.0,2022-02-05 12:58:42,3.0,2.0,0,239.0,1.0,win,80.0,,,,2022-02-05 12:58:58,16.0,1,1.0
143,2022-02-05 12:57:56,4,1.0,easy,1,10,10,8.0,2022-02-05 12:59:10,2.0,1.0,0,240.0,1.0,win,90.0,recommendation,,level of difficulty,2022-02-05 12:59:19,9.0,1,1.0
143,2022-02-05 12:57:56,4,2.0,medium,1,100,100,70.0,2022-02-05 12:59:31,2.0,1.0,0,241.0,1.0,win,80.0,recommendation,,level of difficulty,2022-02-05 12:59:47,16.0,1,1.0
143,2022-02-05 12:57:56,4,3.0,hard,1,1000,1000,314.0,2022-02-05 12:59:55,3.0,2.0,0,242.0,1.0,win,50.0,recommendation,,target score,2022-02-05 13:00:41,46.0,1,0.0
144,2022-02-05 13:20:09,1,1.0,easy,1,10,10,2.0,2022-02-05 13:20:20,3.0,2.0,0,243.0,1.0,win,80.0,,,,2022-02-05 13:20:34,14.0,1,0.0
145,2022-02-05 13:25:59,5,1.0,easy,1,10,10,8.0,2022-02-05 13:26:11,2.0,1.0,0,244.0,1.0,win,90.0,,,,2022-02-05 13:26:19,8.0,1,1.0
145,2022-02-05 13:25:59,5,1.0,easy,1,10,10,4.0,2022-02-05 13:27:13,2.0,1.0,0,245.0,1.0,win,90.0,recommendation,,level of difficulty,2022-02-05 13:27:20,7.0,1,1.0
145,2022-02-05 13:25:59,5,2.0,medium,1,100,100,28.0,2022-02-05 13:27:28,3.0,2.0,0,246.0,1.0,win,60.0,recommendation,,target score,2022-02-05 13:27:55,27.0,1,1.0
145,2022-02-05 13:25:59,5,3.0,hard,1,1000,1000,486.0,2022-02-05 13:33:05,3.0,2.0,0,247.0,1.0,win,50.0,recommendation,,target score,2022-02-05 13:33:29,24.0,1,1.0
145,2022-02-05 13:25:59,5,3.0,hard,1,1000,1000,407.0,2022-02-05 13:33:32,3.0,3.0,0,248.0,2.0,lose,,,,,2022-02-05 13:34:13,41.0,0,0.0
151,2022-02-05 15:54:34,1,4.0,custom,1,1000,1000,930.0,2022-02-05 15:54:49,1.0,1.0,0,,,,,,,,,,0,
152,2022-02-05 15:57:54,1,4.0,custom,1,1000,1000,186.0,2022-02-05 15:58:08,1.0,1.0,0,,,,,,,,,,0,
153,2022-02-05 15:59:42,1,4.0,custom,1,1000,1000,448.0,2022-02-05 15:59:54,1.0,1.0,0,,,,,,,,,,0,
155,2022-02-05 16:04:15,1,4.0,custom,1,1000,1000,615.0,2022-02-05 16:04:34,1.0,1.0,0,,,,,,,,,,0,
156,2022-02-05 16:06:12,2,4.0,custom,1,1000,1000,60.0,2022-02-05 16:06:36,7.0,6.0,0,249.0,1.0,win,40.0,improvement,3.0,,2022-02-05 16:07:47,71.0,1,1.0
156,2022-02-05 16:06:12,2,2.0,medium,1,100,100,74.0,2022-02-05 16:11:13,3.0,2.0,0,250.0,1.0,win,60.0,recommendation,,target score,2022-02-05 16:12:31,78.0,1,0.0
157,2022-02-05 16:23:04,1,4.0,custom,1,100,100,53.0,2022-02-05 16:23:38,4.0,3.0,0,251.0,1.0,win,70.0,,,,2022-02-05 16:24:21,43.0,1,1.0
158,2022-02-05 16:25:31,2,4.0,custom,1,1000,1000,277.0,2022-02-05 16:25:46,4.0,3.0,0,252.0,1.0,win,70.0,,,,2022-02-05 16:26:44,58.00000000000001,1,1.0
158,2022-02-05 16:25:31,2,4.0,custom,1,1000,1000,185.0,2022-02-05 16:26:54,4.0,3.0,0,253.0,1.0,win,70.0,improvement,1.0,,2022-02-05 16:28:26,92.0,1,0.0
160,2022-02-05 18:55:30,3,2.0,medium,1,100,100,1.0,2022-02-05 18:55:39,3.0,2.0,0,254.0,1.0,win,60.0,,,,2022-02-05 18:56:04,25.0,1,1.0
160,2022-02-05 18:55:30,3,2.0,medium,1,100,100,12.0,2022-02-05 18:56:08,3.0,2.0,0,255.0,1.0,win,60.0,recommendation,,target score,2022-02-05 18:56:34,26.0,1,1.0
160,2022-02-05 18:55:30,3,2.0,medium,1,100,100,59.0,2022-02-05 18:59:28,3.0,2.0,0,256.0,1.0,win,60.0,improvement,7.0,,2022-02-05 18:59:48,20.0,1,0.0
162,2022-02-05 19:40:11,4,4.0,custom,1,1000,1000,33.0,2022-02-05 19:40:25,5.0,4.0,0,257.0,1.0,win,60.0,improvement,2.0,,2022-02-05 19:41:08,43.0,1,1.0
162,2022-02-05 19:40:11,4,4.0,custom,1,500,500,242.0,2022-02-05 19:41:18,3.0,2.0,0,258.0,1.0,win,80.0,recommendation,,target score,2022-02-05 19:41:50,32.0,1,1.0
162,2022-02-05 19:40:11,4,3.0,hard,1,1000,1000,427.0,2022-02-05 19:50:40,4.0,3.0,0,259.0,1.0,win,25.0,improvement,7.0,,2022-02-05 19:52:00,80.0,1,1.0
162,2022-02-05 19:40:11,4,3.0,hard,1,1000,1000,384.0,2022-02-05 19:52:24,3.0,3.0,0,260.0,2.0,lose,,,,,2022-02-05 19:52:56,32.0,0,0.0
163,2022-02-05 19:55:46,2,2.0,medium,1,100,100,28.0,2022-02-05 19:55:55,3.0,2.0,0,261.0,1.0,win,60.0,,,,2022-02-05 19:56:13,18.0,1,1.0
163,2022-02-05 19:55:46,2,2.0,medium,1,100,100,61.0,2022-02-05 19:56:16,2.0,1.0,0,262.0,1.0,win,80.0,recommendation,,level of difficulty,2022-02-05 19:56:46,30.000000000000004,1,0.0
165,2022-02-05 20:00:00,2,4.0,custom,1,400,400,23.0,2022-02-05 20:00:14,5.0,4.0,0,263.0,1.0,win,60.0,,,,2022-02-05 20:02:04,110.0,1,1.0
165,2022-02-05 20:00:00,2,1.0,easy,1,10,10,8.0,2022-02-05 20:02:12,4.0,3.0,0,264.0,1.0,win,70.0,recommendation,,target score,2022-02-05 20:02:49,37.0,1,0.0
166,2022-02-05 20:05:23,3,4.0,custom,1,350,350,154.0,2022-02-05 20:05:37,3.0,2.0,0,265.0,1.0,win,80.0,improvement,2.0,,2022-02-05 20:06:39,62.00000000000001,1,1.0
166,2022-02-05 20:05:23,3,3.0,hard,1,1000,1000,581.0,2022-02-05 20:06:47,2.0,1.0,0,266.0,1.0,win,75.0,recommendation,,level of difficulty,2022-02-05 20:07:12,25.0,1,1.0
166,2022-02-05 20:05:23,3,4.0,custom,1,10000,10000,4461.0,2022-02-05 20:08:25,4.0,3.0,0,267.0,1.0,win,25.0,improvement,2.0,,2022-02-05 20:10:07,102.0,1,0.0
168,2022-02-06 07:20:17,1,1.0,easy,1,10,10,8.0,2022-02-06 07:20:28,1.0,1.0,0,,,,,,,,,,0,
169,2022-02-06 07:27:10,10,1.0,easy,1,10,10,1.0,2022-02-06 07:27:22,2.0,1.0,0,268.0,1.0,win,90.0,,,,2022-02-06 07:27:31,9.0,1,1.0
169,2022-02-06 07:27:10,10,1.0,easy,1,10,10,8.0,2022-02-06 07:27:37,3.0,2.0,0,269.0,1.0,win,80.0,recommendation,,target score,2022-02-06 07:27:54,17.0,1,1.0
169,2022-02-06 07:27:10,10,1.0,easy,1,10,10,3.0,2022-02-06 07:28:02,3.0,2.0,0,270.0,1.0,win,80.0,recommendation,,target score,2022-02-06 07:28:17,15.000000000000002,1,1.0
169,2022-02-06 07:27:10,10,1.0,easy,1,10,10,5.0,2022-02-06 07:28:21,1.0,,0,271.0,1.0,win,100.0,recommendation,,level of difficulty,2022-02-06 07:28:25,4.0,1,1.0
169,2022-02-06 07:27:10,10,2.0,medium,1,100,100,60.0,2022-02-06 07:28:36,3.0,2.0,0,272.0,1.0,win,60.0,improvement,1.0,,2022-02-06 07:29:00,24.0,1,1.0
169,2022-02-06 07:27:10,10,2.0,medium,1,100,100,24.0,2022-02-06 07:29:14,3.0,2.0,0,273.0,1.0,win,60.0,recommendation,,target score,2022-02-06 07:29:38,24.0,1,1.0
169,2022-02-06 07:27:10,10,2.0,medium,1,100,100,62.0,2022-02-06 07:29:43,3.0,2.0,0,274.0,1.0,win,60.0,recommendation,,target score,2022-02-06 07:30:04,21.0,1,1.0
169,2022-02-06 07:27:10,10,2.0,medium,1,100,100,69.0,2022-02-06 07:30:07,4.0,3.0,0,275.0,1.0,win,40.0,recommendation,,target score,2022-02-06 07:31:13,66.0,1,1.0
169,2022-02-06 07:27:10,10,3.0,hard,1,1000,1000,123.0,2022-02-06 07:31:19,3.0,3.0,0,276.0,2.0,lose,,,,,2022-02-06 07:32:46,87.0,0,1.0
169,2022-02-06 07:27:10,10,4.0,custom,1,50,50,36.0,2022-02-06 07:32:57,3.0,2.0,0,277.0,1.0,win,80.0,recommendation,,target score,2022-02-06 07:33:30,33.0,1,0.0
171,2022-02-06 08:24:59,1,2.0,medium,1,100,100,2.0,2022-02-06 08:25:08,1.0,1.0,0,,,,,,,,,,0,
172,2022-02-06 08:27:09,4,2.0,medium,1,100,100,2.0,2022-02-06 08:27:20,3.0,2.0,0,278.0,1.0,win,60.0,,,,2022-02-06 08:27:35,15.000000000000002,1,1.0
172,2022-02-06 08:27:09,4,2.0,medium,1,100,100,22.0,2022-02-06 08:27:39,4.0,3.0,0,279.0,1.0,win,40.0,recommendation,,target score,2022-02-06 08:28:12,33.0,1,1.0
172,2022-02-06 08:27:09,4,2.0,medium,1,100,100,3.0,2022-02-06 08:28:20,3.0,2.0,0,280.0,1.0,win,60.0,recommendation,,target score,2022-02-06 08:28:34,14.0,1,1.0
172,2022-02-06 08:27:09,4,2.0,medium,1,100,100,83.0,2022-02-06 08:28:39,2.0,1.0,0,281.0,1.0,win,80.0,recommendation,,level of difficulty,2022-02-06 08:28:54,15.000000000000002,1,0.0
173,2022-02-06 08:35:46,2,4.0,custom,-100,-1,100,-34.0,2022-02-06 08:36:03,6.0,5.0,0,282.0,1.0,win,50.0,improvement,2.0,,2022-02-06 08:36:59,56.0,1,1.0
173,2022-02-06 08:35:46,2,4.0,custom,-100,-1,100,-44.0,2022-02-06 08:37:09,3.0,2.0,0,283.0,1.0,win,80.0,recommendation,,target score,2022-02-06 08:37:43,34.0,1,0.0
178,2022-02-06 09:55:10,1,1.0,easy,1,10,10,7.0,2022-02-06 09:55:23,1.0,,0,,,,,,,,,,0,
181,2022-02-06 10:00:47,1,1.0,easy,1,10,10,10.0,2022-02-06 10:00:59,1.0,1.0,0,,,,,,,,,,0,
182,2022-02-06 10:03:19,7,1.0,easy,1,10,10,1.0,2022-02-06 10:03:29,3.0,2.0,0,284.0,1.0,win,80.0,,,,2022-02-06 10:03:42,13.0,1,1.0
182,2022-02-06 10:03:19,7,1.0,easy,1,10,10,2.0,2022-02-06 10:03:45,3.0,2.0,0,285.0,1.0,win,80.0,recommendation,,target score,2022-02-06 10:03:58,13.0,1,1.0
182,2022-02-06 10:03:19,7,1.0,easy,1,10,10,6.0,2022-02-06 10:04:02,3.0,2.0,0,286.0,1.0,win,80.0,recommendation,,target score,2022-02-06 10:04:17,15.000000000000002,1,1.0
182,2022-02-06 10:03:19,7,1.0,easy,1,10,10,2.0,2022-02-06 10:04:20,3.0,2.0,0,287.0,1.0,win,80.0,recommendation,,target score,2022-02-06 10:04:32,12.0,1,1.0
182,2022-02-06 10:03:19,7,1.0,easy,1,10,10,5.0,2022-02-06 10:04:35,2.0,1.0,0,288.0,1.0,win,90.0,recommendation,,level of difficulty,2022-02-06 10:04:42,7.0,1,1.0
182,2022-02-06 10:03:19,7,2.0,medium,1,100,100,39.0,2022-02-06 10:04:47,2.0,1.0,0,289.0,1.0,win,80.0,recommendation,,level of difficulty,2022-02-06 10:04:58,11.0,1,1.0
182,2022-02-06 10:03:19,7,3.0,hard,1,1000,1000,813.0,2022-02-06 10:05:05,4.0,3.0,0,290.0,1.0,win,25.0,improvement,1.0,,2022-02-06 10:06:11,66.0,1,0.0
183,2022-02-06 10:15:44,2,2.0,medium,1,100,100,67.0,2022-02-06 10:15:56,3.0,2.0,0,291.0,1.0,win,60.0,,,,2022-02-06 10:16:36,40.0,1,1.0
183,2022-02-06 10:15:44,2,4.0,custom,1,1000,1000,361.0,2022-02-06 10:18:36,3.0,2.0,0,292.0,1.0,win,80.0,recommendation,,target score,2022-02-06 10:18:58,22.0,1,0.0
184,2022-02-06 10:24:40,1,4.0,custom,1,1000,1000,330.0,2022-02-06 10:24:55,1.0,1.0,0,,,,,,,,,,0,
186,2022-02-06 10:39:27,2,4.0,custom,1,500,500,395.0,2022-02-06 10:39:42,2.0,1.0,0,293.0,1.0,win,90.0,,,,2022-02-06 10:40:40,58.00000000000001,1,1.0
186,2022-02-06 10:39:27,2,4.0,custom,1,500,500,423.0,2022-02-06 10:40:52,4.0,3.0,0,294.0,1.0,win,70.0,recommendation,,target score,2022-02-06 10:42:17,85.0,1,0.0
187,2022-02-06 11:10:37,2,4.0,custom,1,1000,1000,136.0,2022-02-06 11:11:05,10.0,9.0,0,295.0,1.0,win,10.0,improvement,1.0,,2022-02-06 11:15:14,249.00000000000003,1,1.0
187,2022-02-06 11:10:37,2,2.0,medium,1,100,100,31.0,2022-02-06 11:15:28,2.0,1.0,0,296.0,1.0,win,80.0,recommendation,,level of difficulty,2022-02-06 11:15:47,19.0,1,0.0
188,2022-02-06 11:28:58,1,4.0,custom,1,500,500,421.0,2022-02-06 11:29:14,1.0,1.0,0,,,,,,,,,,0,
189,2022-02-06 11:31:04,3,4.0,custom,1,500,500,478.0,2022-02-06 11:31:17,2.0,1.0,0,297.0,1.0,win,90.0,,,,2022-02-06 11:32:01,44.0,1,1.0
189,2022-02-06 11:31:04,3,4.0,custom,1,500,500,179.0,2022-02-06 11:32:10,2.0,1.0,0,298.0,1.0,win,90.0,recommendation,,level of difficulty,2022-02-06 11:32:55,45.0,1,1.0
189,2022-02-06 11:31:04,3,4.0,custom,1,500,500,460.0,2022-02-06 11:33:09,5.0,5.0,0,,,,,,,,,,0,
190,2022-02-06 11:38:54,3,2.0,medium,1,100,100,15.0,2022-02-06 11:39:06,3.0,2.0,0,299.0,1.0,win,60.0,,,,2022-02-06 11:39:39,33.0,1,1.0
190,2022-02-06 11:38:54,3,2.0,medium,1,100,100,66.0,2022-02-06 11:39:43,2.0,1.0,0,300.0,1.0,win,80.0,recommendation,,target score,2022-02-06 11:40:38,55.0,1,1.0
190,2022-02-06 11:38:54,3,2.0,medium,1,100,100,93.0,2022-02-06 11:40:44,3.0,2.0,0,301.0,1.0,win,60.0,recommendation,,target score,2022-02-06 11:41:12,28.0,1,0.0
191,2022-02-06 13:17:37,1,4.0,custom,1,50,50,43.0,2022-02-06 13:18:08,4.0,3.0,0,302.0,1.0,win,70.0,,,,2022-02-06 13:19:17,69.0,1,0.0
192,2022-02-06 13:26:06,1,4.0,custom,1,50,50,46.0,2022-02-06 13:26:25,4.0,3.0,0,303.0,1.0,win,70.0,,,,2022-02-06 13:28:10,105.0,1,0.0
193,2022-02-06 13:28:37,3,4.0,custom,1,50,50,22.0,2022-02-06 13:28:55,5.0,4.0,0,304.0,1.0,win,60.0,,,,2022-02-06 13:30:14,79.0,1,1.0
193,2022-02-06 13:28:37,3,4.0,custom,1,50,50,46.0,2022-02-06 13:30:42,3.0,2.0,0,305.0,1.0,win,80.0,recommendation,,target score,2022-02-06 13:31:56,74.0,1,1.0
193,2022-02-06 13:28:37,3,4.0,custom,1,50,50,35.0,2022-02-06 13:32:09,2.0,1.0,0,306.0,1.0,win,90.0,recommendation,,level of difficulty,2022-02-06 13:32:58,49.0,1,0.0
194,2022-02-06 14:47:44,1,4.0,custom,1,200,200,199.0,2022-02-06 14:48:04,2.0,1.0,0,307.0,1.0,win,90.0,,,,2022-02-06 14:48:19,15.000000000000002,1,0.0
195,2022-02-06 15:06:52,2,4.0,custom,1,200,200,94.0,2022-02-06 15:07:07,3.0,2.0,0,308.0,1.0,win,80.0,,,,2022-02-06 15:08:20,73.0,1,1.0
195,2022-02-06 15:06:52,2,4.0,custom,1,200,200,181.0,2022-02-06 15:08:34,5.0,4.0,0,309.0,1.0,win,60.0,recommendation,,target score,2022-02-06 15:10:09,95.0,1,0.0
196,2022-02-06 15:15:53,7,4.0,custom,1,150,150,119.0,2022-02-06 15:16:39,3.0,2.0,0,310.0,1.0,win,80.0,,,,2022-02-06 15:17:56,77.0,1,1.0
196,2022-02-06 15:15:53,7,4.0,custom,1,150,150,139.0,2022-02-06 15:18:19,3.0,2.0,0,311.0,1.0,win,80.0,improvement,2.0,,2022-02-06 15:18:52,33.0,1,1.0
196,2022-02-06 15:15:53,7,4.0,custom,1,250,250,82.0,2022-02-06 15:19:16,3.0,2.0,0,312.0,1.0,win,80.0,recommendation,,target score,2022-02-06 15:20:18,62.00000000000001,1,1.0
196,2022-02-06 15:15:53,7,4.0,custom,1,600,600,382.0,2022-02-06 15:20:39,2.0,1.0,0,313.0,1.0,win,90.0,recommendation,,level of difficulty,2022-02-06 15:21:55,76.0,1,1.0
196,2022-02-06 15:15:53,7,4.0,custom,1,800,800,118.0,2022-02-06 15:22:12,4.0,3.0,0,314.0,1.0,win,70.0,recommendation,,target score,2022-02-06 15:24:04,112.0,1,1.0
196,2022-02-06 15:15:53,7,3.0,hard,1,1000,1000,993.0,2022-02-06 15:24:09,2.0,1.0,0,315.0,1.0,win,75.0,recommendation,,level of difficulty,2022-02-06 15:24:26,17.0,1,1.0
196,2022-02-06 15:15:53,7,3.0,hard,1,1000,1000,747.0,2022-02-06 15:24:40,3.0,2.0,0,316.0,1.0,win,50.0,recommendation,,target score,2022-02-06 15:25:33,53.0,1,0.0
197,2022-02-06 15:50:26,2,2.0,medium,1,100,100,87.0,2022-02-06 15:50:42,3.0,2.0,0,317.0,1.0,win,60.0,,,,2022-02-06 15:51:24,42.0,1,1.0
197,2022-02-06 15:50:26,2,2.0,medium,1,100,100,25.0,2022-02-06 15:51:29,3.0,2.0,0,318.0,1.0,win,60.0,recommendation,,target score,2022-02-06 15:51:45,16.0,1,0.0
198,2022-02-06 18:48:22,2,2.0,medium,1,100,100,84.0,2022-02-06 18:48:37,4.0,3.0,0,319.0,1.0,win,40.0,,,,2022-02-06 18:49:40,63.00000000000001,1,1.0
198,2022-02-06 18:48:22,2,2.0,medium,1,100,100,91.0,2022-02-06 18:50:16,3.0,2.0,0,320.0,1.0,win,60.0,recommendation,,target score,2022-02-06 18:50:37,21.0,1,0.0
203,2022-02-07 11:24:05,1,1.0,easy,1,10,10,8.0,2022-02-07 11:24:22,1.0,,0,321.0,1.0,win,100.0,,,,2022-02-07 11:24:29,7.0,1,0.0
204,2022-02-07 11:32:08,2,1.0,easy,1,10,10,3.0,2022-02-07 11:32:30,2.0,1.0,0,322.0,1.0,win,90.0,,,,2022-02-07 11:32:42,12.0,1,1.0
204,2022-02-07 11:32:08,2,1.0,easy,1,10,10,5.0,2022-02-07 11:32:55,2.0,1.0,0,323.0,1.0,win,90.0,,,,2022-02-07 11:33:04,9.0,1,0.0
205,2022-02-07 11:35:01,2,1.0,easy,1,10,10,8.0,2022-02-07 11:35:27,2.0,1.0,0,324.0,1.0,win,90.0,,,,2022-02-07 11:35:35,8.0,1,1.0
205,2022-02-07 11:35:01,2,1.0,easy,1,10,10,10.0,2022-02-07 11:35:39,2.0,1.0,0,325.0,1.0,win,90.0,,,,2022-02-07 11:35:47,8.0,1,0.0
206,2022-02-07 11:36:59,8,1.0,easy,1,10,10,9.0,2022-02-07 11:37:13,3.0,2.0,0,326.0,1.0,win,80.0,,,,2022-02-07 11:37:26,13.0,1,1.0
206,2022-02-07 11:36:59,8,1.0,easy,1,10,10,8.0,2022-02-07 11:37:29,3.0,2.0,0,327.0,1.0,win,80.0,recommendation,,target score,2022-02-07 11:37:42,13.0,1,1.0
206,2022-02-07 11:36:59,8,1.0,easy,1,10,10,9.0,2022-02-07 11:37:48,2.0,1.0,0,328.0,1.0,win,90.0,recommendation,,level of difficulty,2022-02-07 11:38:00,12.0,1,1.0
206,2022-02-07 11:36:59,8,2.0,medium,1,100,100,64.0,2022-02-07 11:38:08,4.0,4.0,0,329.0,2.0,lose,,improvement,1.0,,2022-02-07 11:39:14,66.0,0,1.0
206,2022-02-07 11:36:59,8,2.0,medium,1,100,100,21.0,2022-02-07 11:39:22,4.0,3.0,0,330.0,1.0,win,40.0,recommendation,,target score,2022-02-07 11:40:33,71.0,1,1.0
206,2022-02-07 11:36:59,8,3.0,hard,1,1000,1000,649.0,2022-02-07 11:40:40,3.0,2.0,0,331.0,1.0,win,50.0,improvement,2.0,,2022-02-07 11:41:27,47.0,1,1.0
206,2022-02-07 11:36:59,8,4.0,custom,1,5,5,5.0,2022-02-07 11:41:37,5.0,2.0,2,332.0,1.0,win,60.0,recommendation,,target score,2022-02-07 11:42:14,37.0,1,1.0
206,2022-02-07 11:36:59,8,4.0,custom,-9,7,17,6.0,2022-02-07 11:43:03,1.0,,0,333.0,1.0,win,100.0,recommendation,,level of difficulty,2022-02-07 11:43:09,6.0,1,0.0
210,2022-02-07 19:37:38,6,1.0,easy,1,10,10,9.0,2022-02-07 19:37:54,3.0,2.0,0,334.0,1.0,win,80.0,,,,2022-02-07 19:38:08,14.0,1,1.0
210,2022-02-07 19:37:38,6,1.0,easy,1,10,10,4.0,2022-02-07 19:38:13,2.0,1.0,0,335.0,1.0,win,90.0,recommendation,,level of difficulty,2022-02-07 19:38:21,8.0,1,1.0
210,2022-02-07 19:37:38,6,2.0,medium,1,100,100,62.0,2022-02-07 19:38:26,3.0,2.0,0,336.0,1.0,win,60.0,recommendation,,target score,2022-02-07 19:38:42,16.0,1,1.0
210,2022-02-07 19:37:38,6,2.0,medium,1,100,100,83.0,2022-02-07 19:38:46,3.0,2.0,0,337.0,1.0,win,60.0,improvement,2.0,,2022-02-07 19:39:08,22.0,1,1.0
210,2022-02-07 19:37:38,6,4.0,custom,4,53,50,41.0,2022-02-07 19:39:32,5.0,2.0,2,338.0,1.0,win,60.0,recommendation,,target score,2022-02-07 19:40:09,37.0,1,1.0
210,2022-02-07 19:37:38,6,3.0,hard,1,1000,1000,904.0,2022-02-07 19:40:14,4.0,3.0,0,339.0,1.0,win,25.0,recommendation,,target score,2022-02-07 19:40:59,45.0,1,0.0
216,2022-02-08 08:35:10,1,4.0,custom,1,25,25,10.0,2022-02-08 08:35:24,4.0,1.0,2,,,,,,,,,,0,
217,2022-02-08 11:01:37,1,1.0,easy,1,10,10,1.0,2022-02-08 11:01:50,3.0,2.0,0,340.0,1.0,win,80.0,,,,2022-02-08 11:02:05,15.000000000000002,1,1.0
218,2022-02-08 11:04:30,1,1.0,easy,1,10,10,1.0,2022-02-08 11:04:43,2.0,1.0,0,341.0,1.0,win,90.0,,,,2022-02-08 11:04:54,11.0,1,1.0
219,2022-02-08 11:15:49,7,1.0,easy,1,10,10,8.0,2022-02-08 11:16:01,6.0,3.0,2,342.0,1.0,win,50.0,,,,2022-02-08 11:16:34,33.0,1,1.0
219,2022-02-08 11:15:49,7,1.0,easy,1,10,10,5.0,2022-02-08 11:16:44,2.0,1.0,0,343.0,1.0,win,90.0,recommendation,,level of difficulty,2022-02-08 11:16:52,8.0,1,1.0
219,2022-02-08 11:15:49,7,2.0,medium,1,100,100,33.0,2022-02-08 11:17:08,3.0,2.0,0,344.0,1.0,win,60.0,recommendation,,target score,2022-02-08 11:17:52,44.0,1,1.0
219,2022-02-08 11:15:49,7,2.0,medium,1,100,100,23.0,2022-02-08 11:17:57,3.0,2.0,0,345.0,1.0,win,60.0,recommendation,,target score,2022-02-08 11:18:12,15.000000000000002,1,1.0
219,2022-02-08 11:15:49,7,3.0,hard,1,1000,1000,118.0,2022-02-08 11:18:18,4.0,3.0,0,346.0,1.0,win,25.0,improvement,1.0,,2022-02-08 11:20:00,102.0,1,1.0
219,2022-02-08 11:15:49,7,3.0,hard,1,1000,1000,503.0,2022-02-08 11:20:09,3.0,3.0,0,347.0,2.0,lose,,improvement,5.0,,2022-02-08 11:20:41,32.0,0,1.0
219,2022-02-08 11:15:49,7,4.0,custom,1,20,20,3.0,2022-02-08 11:20:56,3.0,2.0,0,348.0,1.0,win,80.0,recommendation,,target score,2022-02-08 11:21:19,23.0,1,0.0
220,2022-02-08 14:37:07,1,4.0,custom,1,25,25,25.0,2022-02-08 14:37:27,3.0,2.0,0,349.0,1.0,win,80.0,,,,2022-02-08 14:37:45,18.0,1,0.0
223,2022-02-10 21:14:51,1,1.0,easy,1,10,10,3.0,2022-02-10 21:15:08,3.0,2.0,0,350.0,1.0,win,80.0,,,,2022-02-10 21:15:22,14.0,1,0.0
224,2022-02-10 21:17:13,1,1.0,easy,1,10,10,6.0,2022-02-10 21:17:33,2.0,1.0,0,351.0,1.0,win,90.0,,,,2022-02-10 21:17:42,9.0,1,1.0
225,2022-02-10 21:19:55,4,1.0,easy,1,10,10,2.0,2022-02-10 21:20:13,2.0,1.0,0,352.0,1.0,win,90.0,,,,2022-02-10 21:20:21,8.0,1,1.0
225,2022-02-10 21:19:55,4,1.0,easy,1,10,10,7.0,2022-02-10 21:20:25,1.0,,0,353.0,1.0,win,100.0,recommendation,,level of difficulty,2022-02-10 21:20:28,3.0,1,1.0
225,2022-02-10 21:19:55,4,2.0,medium,1,100,100,66.0,2022-02-10 21:20:33,3.0,2.0,0,354.0,1.0,win,60.0,recommendation,,target score,2022-02-10 21:20:47,14.0,1,1.0
225,2022-02-10 21:19:55,4,2.0,medium,1,100,100,12.0,2022-02-10 21:20:52,2.0,2.0,0,,,,,,,,,,0,
226,2022-02-10 21:27:33,10,1.0,easy,1,10,10,4.0,2022-02-10 21:27:54,2.0,1.0,0,355.0,1.0,win,90.0,,,,2022-02-10 21:28:03,9.0,1,1.0
226,2022-02-10 21:27:33,10,1.0,easy,1,10,10,8.0,2022-02-10 21:28:07,3.0,2.0,0,356.0,1.0,win,80.0,recommendation,,target score,2022-02-10 21:28:23,16.0,1,1.0
226,2022-02-10 21:27:33,10,1.0,easy,1,10,10,10.0,2022-02-10 21:28:27,3.0,2.0,0,357.0,1.0,win,80.0,recommendation,,target score,2022-02-10 21:28:38,11.0,1,1.0
226,2022-02-10 21:27:33,10,1.0,easy,1,10,10,7.0,2022-02-10 21:28:41,3.0,2.0,0,358.0,1.0,win,80.0,recommendation,,target score,2022-02-10 21:28:52,11.0,1,1.0
226,2022-02-10 21:27:33,10,1.0,easy,1,10,10,10.0,2022-02-10 21:28:55,2.0,1.0,0,359.0,1.0,win,90.0,recommendation,,level of difficulty,2022-02-10 21:29:03,8.0,1,1.0
226,2022-02-10 21:27:33,10,2.0,medium,1,100,100,2.0,2022-02-10 21:29:14,4.0,3.0,0,360.0,1.0,win,40.0,improvement,2.0,,2022-02-10 21:29:38,24.0,1,1.0
226,2022-02-10 21:27:33,10,2.0,medium,1,100,100,77.0,2022-02-10 21:29:44,4.0,3.0,0,361.0,1.0,win,40.0,recommendation,,target score,2022-02-10 21:30:27,43.0,1,1.0
226,2022-02-10 21:27:33,10,3.0,hard,1,1000,1000,728.0,2022-02-10 21:30:33,3.0,2.0,0,362.0,1.0,win,50.0,recommendation,,target score,2022-02-10 21:31:12,39.0,1,1.0
226,2022-02-10 21:27:33,10,3.0,hard,1,1000,1000,415.0,2022-02-10 21:31:17,3.0,2.0,1,363.0,2.0,lose,,,,,2022-02-10 21:32:02,45.0,0,1.0
226,2022-02-10 21:27:33,10,4.0,custom,1,25,25,19.0,2022-02-10 21:32:23,4.0,2.0,1,364.0,1.0,win,70.0,recommendation,,target score,2022-02-10 21:32:46,23.0,1,1.0
230,2022-02-12 08:58:45,2,4.0,custom,100,200,101,119.0,2022-02-12 08:59:01,7.0,6.0,0,366.0,1.0,win,40.0,improvement,2.0,,2022-02-12 09:04:06,305.0,1,1.0
230,2022-02-12 08:58:45,2,4.0,custom,100,200,101,112.0,2022-02-12 09:04:31,9.0,9.0,0,367.0,2.0,lose,,improvement,1.0,,2022-02-12 09:05:01,30.000000000000004,0,0.0
238,2022-02-12 23:29:53,1,1.0,easy,1,10,10,9.0,2022-02-12 23:30:09,1.0,1.0,0,,,,,,,,,,0,
239,2022-02-12 23:32:25,3,1.0,easy,1,10,10,10.0,2022-02-12 23:32:39,3.0,2.0,0,406.0,1.0,win,80.0,,,,2022-02-12 23:32:57,18.0,1,1.0
239,2022-02-12 23:32:25,3,3.0,hard,1,1000,1000,663.0,2022-02-12 23:33:05,3.0,3.0,0,407.0,2.0,lose,,,,,2022-02-12 23:33:36,31.000000000000004,0,1.0
239,2022-02-12 23:32:25,3,4.0,custom,7,12,6,9.0,2022-02-12 23:34:01,4.0,1.0,2,408.0,1.0,win,70.0,,,,2022-02-12 23:34:26,25.0,1,0.0
240,2022-02-13 09:51:01,3,2.0,medium,1,100,100,39.0,2022-02-13 09:51:21,3.0,2.0,0,409.0,1.0,win,60.0,,,,2022-02-13 09:51:49,28.0,1,1.0
240,2022-02-13 09:51:01,3,3.0,hard,1,1000,1000,383.0,2022-02-13 09:51:56,3.0,3.0,0,410.0,2.0,lose,,improvement,2.0,,2022-02-13 09:52:30,34.0,0,1.0
240,2022-02-13 09:51:01,3,4.0,custom,9,11,3,9.0,2022-02-13 09:52:49,4.0,1.0,2,411.0,1.0,win,70.0,recommendation,,target score,2022-02-13 09:53:21,32.0,1,0.0
243,2022-02-13 19:20:58,2,4.0,custom,99,101,3,101.0,2022-02-13 19:21:34,4.0,1.0,2,412.0,1.0,win,70.0,,,,2022-02-13 19:22:15,41.0,1,1.0
243,2022-02-13 19:20:58,2,1.0,easy,1,10,10,3.0,2022-02-13 19:22:18,3.0,2.0,0,413.0,1.0,win,80.0,recommendation,,target score,2022-02-13 19:22:35,17.0,1,0.0
244,2022-02-13 19:39:25,1,1.0,easy,1,10,10,7.0,2022-02-13 19:39:41,2.0,1.0,0,414.0,1.0,win,90.0,,,,2022-02-13 19:39:48,7.0,1,0.0
248,2022-02-13 19:50:15,3,1.0,easy,1,10,10,3.0,2022-02-13 19:50:29,2.0,1.0,0,416.0,1.0,win,90.0,,,,2022-02-13 19:50:37,8.0,1,1.0
248,2022-02-13 19:50:15,3,1.0,easy,1,10,10,9.0,2022-02-13 19:51:14,3.0,2.0,0,417.0,1.0,win,80.0,recommendation,,target score,2022-02-13 19:51:27,13.0,1,1.0
248,2022-02-13 19:50:15,3,1.0,easy,1,10,10,7.0,2022-02-13 20:01:11,3.0,2.0,0,418.0,1.0,win,80.0,,,,2022-02-13 20:01:22,11.0,1,0.0
249,2022-02-13 20:11:50,5,1.0,easy,1,10,10,1.0,2022-02-13 20:12:09,3.0,2.0,0,419.0,1.0,win,80.0,improvement,1.0,,2022-02-13 20:12:23,14.0,1,1.0
249,2022-02-13 20:11:50,5,1.0,easy,1,10,10,4.0,2022-02-13 20:12:35,2.0,1.0,0,420.0,1.0,win,90.0,recommendation,,level of difficulty,2022-02-13 20:12:44,9.0,1,1.0
249,2022-02-13 20:11:50,5,1.0,easy,1,10,10,1.0,2022-02-13 20:12:52,3.0,2.0,0,421.0,1.0,win,80.0,improvement,1.0,,2022-02-13 20:13:05,13.0,1,1.0
249,2022-02-13 20:11:50,5,1.0,easy,1,10,10,5.0,2022-02-13 20:13:15,1.0,,0,422.0,1.0,win,100.0,recommendation,,level of difficulty,2022-02-13 20:13:19,4.0,1,1.0
249,2022-02-13 20:11:50,5,1.0,easy,1,10,10,10.0,2022-02-13 20:14:44,5.0,4.0,0,423.0,1.0,win,60.0,recommendation,,target score,2022-02-13 20:15:21,37.0,1,0.0
250,2022-02-13 20:34:12,1,1.0,easy,1,10,10,9.0,2022-02-13 20:34:28,1.0,1.0,0,,,,,,,,,,0,
251,2022-02-13 20:37:22,2,1.0,easy,1,10,10,6.0,2022-02-13 20:37:37,1.0,,0,424.0,1.0,win,100.0,,,,2022-02-13 20:37:40,3.0,1,1.0
251,2022-02-13 20:37:22,2,1.0,easy,1,10,10,7.0,2022-02-13 20:37:44,1.0,1.0,0,,,,,,,,,,0,
252,2022-02-14 16:25:22,3,1.0,easy,1,10,10,10.0,2022-02-14 16:25:35,10.0,7.0,2,425.0,1.0,win,10.0,,,,2022-02-14 16:26:43,68.0,1,1.0
252,2022-02-14 16:25:22,3,2.0,medium,1,100,100,89.0,2022-02-14 16:26:53,3.0,2.0,0,426.0,1.0,win,60.0,recommendation,,target score,2022-02-14 16:27:15,22.0,1,1.0
252,2022-02-14 16:25:22,3,2.0,medium,1,100,100,74.0,2022-02-14 16:27:22,5.0,4.0,0,427.0,1.0,win,20.0,recommendation,,target score,2022-02-14 16:28:29,67.0,1,0.0
254,2022-02-17 20:13:48,1,3.0,hard,1,1000,1000,235.0,2022-02-17 20:14:03,1.0,1.0,0,,,,,,,,,,0,
255,2022-02-17 20:16:36,1,3.0,hard,1,1000,1000,352.0,2022-02-17 20:17:00,1.0,1.0,0,,,,,,,,,,0,
256,2022-02-17 20:19:18,1,3.0,hard,1,1000,1000,330.0,2022-02-17 20:19:32,3.0,3.0,0,428.0,2.0,lose,,,,,2022-02-17 20:20:06,34.0,0,0.0
257,2022-02-17 20:22:52,1,3.0,hard,1,1000,1000,795.0,2022-02-17 20:23:12,3.0,3.0,0,429.0,2.0,lose,,,,,2022-02-17 20:23:39,27.0,0,0.0
258,2022-02-17 20:25:13,1,3.0,hard,1,1000,1000,640.0,2022-02-17 20:25:28,3.0,2.0,0,430.0,1.0,win,50.0,,,,2022-02-17 20:25:46,18.0,1,0.0
259,2022-02-17 20:30:35,1,3.0,hard,1,1000,1000,39.0,2022-02-17 20:30:48,3.0,3.0,0,431.0,2.0,lose,,,,,2022-02-17 20:31:12,24.0,0,0.0
260,2022-02-17 20:45:31,5,3.0,hard,1,1000,1000,158.0,2022-02-17 20:45:45,4.0,3.0,0,432.0,1.0,win,25.0,improvement,1.0,,2022-02-17 20:46:19,34.0,1,1.0
260,2022-02-17 20:45:31,5,3.0,hard,1,1000,1000,390.0,2022-02-17 20:46:30,3.0,3.0,0,433.0,2.0,lose,,improvement,1.0,,2022-02-17 20:47:00,30.000000000000004,0,1.0
260,2022-02-17 20:45:31,5,3.0,hard,1,1000,1000,43.0,2022-02-17 20:47:14,1.0,1.0,0,434.0,3.0,quit,,,,,2022-02-17 20:47:20,6.0,0,1.0
260,2022-02-17 20:45:31,5,2.0,medium,1,100,100,57.0,2022-02-17 20:47:28,5.0,4.0,0,435.0,1.0,win,20.0,recommendation,,target score,2022-02-17 20:48:28,60.00000000000001,1,1.0
260,2022-02-17 20:45:31,5,2.0,medium,1,100,100,93.0,2022-02-17 20:48:42,4.0,3.0,0,436.0,1.0,win,40.0,recommendation,,target score,2022-02-17 20:49:03,21.0,1,0.0
261,2022-02-17 20:49:18,1,2.0,medium,1,100,100,80.0,2022-02-17 20:49:31,5.0,4.0,0,437.0,1.0,win,20.0,,,,2022-02-17 20:51:07,96.0,1,0.0
263,2022-02-17 21:58:29,4,2.0,medium,1,100,100,36.0,2022-02-17 21:59:59,4.0,4.0,0,438.0,2.0,lose,,,,,2022-02-17 22:00:59,60.00000000000001,0,1.0
263,2022-02-17 21:58:29,4,2.0,medium,1,100,100,10.0,2022-02-17 22:01:06,3.0,2.0,0,439.0,1.0,win,60.0,recommendation,,target score,2022-02-17 22:01:21,15.000000000000002,1,1.0
263,2022-02-17 21:58:29,4,2.0,medium,1,100,100,30.0,2022-02-17 22:01:32,4.0,3.0,0,440.0,1.0,win,40.0,improvement,2.0,,2022-02-17 22:02:02,30.000000000000004,1,1.0
263,2022-02-17 21:58:29,4,2.0,medium,1,100,100,70.0,2022-02-17 22:02:11,2.0,1.0,0,441.0,1.0,win,80.0,recommendation,,level of difficulty,2022-02-17 22:02:19,8.0,1,0.0
277,2022-02-18 19:52:11,2,1.0,easy,1,10,10,1.0,2022-02-18 19:52:54,3.0,2.0,0,442.0,1.0,win,80.0,,,,2022-02-18 19:53:08,14.0,1,1.0
277,2022-02-18 19:52:11,2,1.0,easy,1,10,10,8.0,2022-02-18 19:53:11,2.0,1.0,0,443.0,1.0,win,90.0,,,,2022-02-18 19:53:19,8.0,1,0.0
279,2022-02-18 20:05:34,2,2.0,medium,1,100,100,25.0,2022-02-18 20:05:55,4.0,3.0,0,444.0,1.0,win,40.0,,,,2022-02-18 20:06:47,52.0,1,1.0
279,2022-02-18 20:05:34,2,2.0,medium,1,100,100,47.0,2022-02-18 20:06:50,4.0,3.0,0,445.0,1.0,win,40.0,,,,2022-02-18 20:07:38,48.0,1,0.0
280,2022-02-19 03:35:28,4,2.0,medium,1,100,100,83.0,2022-02-19 03:36:00,2.0,1.0,0,446.0,1.0,win,80.0,,,,2022-02-19 03:36:10,10.0,1,1.0
280,2022-02-19 03:35:28,4,2.0,medium,1,100,100,64.0,2022-02-19 03:36:13,3.0,2.0,0,447.0,1.0,win,60.0,recommendation,,target score,2022-02-19 03:36:29,16.0,1,1.0
280,2022-02-19 03:35:28,4,2.0,medium,1,100,100,16.0,2022-02-19 03:36:43,3.0,2.0,0,448.0,1.0,win,60.0,recommendation,,target score,2022-02-19 03:37:31,48.0,1,1.0
280,2022-02-19 03:35:28,4,2.0,medium,1,100,100,35.0,2022-02-19 03:37:39,2.0,1.0,0,449.0,1.0,win,80.0,,,,2022-02-19 03:38:05,26.0,1,0.0
281,2022-02-19 04:03:37,3,3.0,hard,1,1000,1000,362.0,2022-02-19 04:04:06,3.0,2.0,0,450.0,1.0,win,50.0,improvement,2.0,,2022-02-19 04:04:26,20.0,1,1.0
281,2022-02-19 04:03:37,3,3.0,hard,1,1000,1000,477.0,2022-02-19 04:13:23,4.0,3.0,0,451.0,1.0,win,25.0,improvement,1.0,,2022-02-19 04:14:30,67.0,1,1.0
281,2022-02-19 04:03:37,3,3.0,hard,1,1000,1000,972.0,2022-02-19 04:14:41,4.0,3.0,0,452.0,1.0,win,25.0,,,,2022-02-19 04:16:53,132.0,1,0.0
282,2022-02-19 04:45:18,2,3.0,hard,1,1000,1000,132.0,2022-02-19 04:46:03,4.0,3.0,0,453.0,1.0,win,25.0,,,,2022-02-19 04:47:37,94.0,1,1.0
282,2022-02-19 04:45:18,2,3.0,hard,1,1000,1000,407.0,2022-02-19 04:47:42,2.0,1.0,0,454.0,1.0,win,75.0,,,,2022-02-19 04:48:02,20.0,1,0.0
283,2022-02-19 05:02:48,3,3.0,hard,1,1000,1000,841.0,2022-02-19 05:03:15,3.0,3.0,0,455.0,2.0,lose,,,,,2022-02-19 05:04:22,67.0,0,1.0
283,2022-02-19 05:02:48,3,3.0,hard,1,1000,1000,300.0,2022-02-19 05:05:22,3.0,2.0,0,456.0,1.0,win,50.0,recommendation,,target score,2022-02-19 05:07:22,120.00000000000001,1,1.0
283,2022-02-19 05:02:48,3,3.0,hard,1,1000,1000,969.0,2022-02-19 05:08:18,3.0,3.0,0,457.0,2.0,lose,,,,,2022-02-19 05:09:34,76.0,0,0.0
286,2022-02-19 05:23:34,2,2.0,medium,1,100,100,53.0,2022-02-19 05:24:00,4.0,3.0,0,458.0,1.0,win,40.0,,,,2022-02-19 05:24:27,27.0,1,1.0
286,2022-02-19 05:23:34,2,2.0,medium,1,100,100,10.0,2022-02-19 05:24:56,3.0,2.0,0,459.0,1.0,win,60.0,recommendation,,target score,2022-02-19 05:25:23,27.0,1,1.0
287,2022-02-19 05:44:24,7,2.0,medium,1,100,100,84.0,2022-02-19 05:44:50,4.0,3.0,0,460.0,1.0,win,40.0,,,,2022-02-19 05:46:01,71.0,1,1.0
287,2022-02-19 05:44:24,7,2.0,medium,1,100,100,38.0,2022-02-19 05:46:38,3.0,2.0,0,461.0,1.0,win,60.0,recommendation,,target score,2022-02-19 05:47:00,22.0,1,1.0
287,2022-02-19 05:44:24,7,2.0,medium,1,100,100,52.0,2022-02-19 05:48:19,5.0,4.0,0,462.0,1.0,win,20.0,recommendation,,target score,2022-02-19 05:50:17,118.00000000000001,1,1.0
287,2022-02-19 05:44:24,7,2.0,medium,1,100,100,48.0,2022-02-19 05:50:58,4.0,4.0,0,463.0,2.0,lose,,improvement,1.0,,2022-02-19 05:51:41,43.0,0,1.0
287,2022-02-19 05:44:24,7,2.0,medium,1,100,100,71.0,2022-02-19 05:52:09,2.0,1.0,0,464.0,1.0,win,80.0,recommendation,,level of difficulty,2022-02-19 05:52:26,17.0,1,1.0
287,2022-02-19 05:44:24,7,3.0,hard,1,1000,1000,858.0,2022-02-19 05:53:12,3.0,3.0,0,465.0,2.0,lose,,improvement,1.0,,2022-02-19 05:53:59,47.0,0,1.0
287,2022-02-19 05:44:24,7,3.0,hard,1,1000,1000,159.0,2022-02-19 05:54:09,3.0,2.0,0,466.0,1.0,win,50.0,recommendation,,target score,2022-02-19 05:55:02,53.0,1,0.0
288,2022-03-02 20:17:01,1,2.0,medium,1,100,100,73.0,2022-03-02 20:17:42,2.0,,2,,,,,,,,,,0,
297,2022-03-02 21:11:32,1,2.0,medium,1,100,100,99.0,2022-03-02 21:11:53,4.0,3.0,0,467.0,1.0,win,40.0,,,,2022-03-02 21:13:02,69.0,1,0.0
298,2022-03-02 21:17:39,5,2.0,medium,1,100,100,7.0,2022-03-02 21:18:01,3.0,2.0,0,468.0,1.0,win,60.0,,,,2022-03-02 21:18:23,22.0,1,1.0
298,2022-03-02 21:17:39,5,1.0,easy,1,10,10,8.0,2022-03-02 21:18:35,2.0,1.0,0,469.0,1.0,win,90.0,recommendation,,level of difficulty,2022-03-02 21:18:47,12.0,1,1.0
298,2022-03-02 21:17:39,5,3.0,hard,1,1000,1000,761.0,2022-03-02 21:18:54,4.0,3.0,0,470.0,1.0,win,25.0,recommendation,,target score,2022-03-02 21:20:01,67.0,1,1.0
298,2022-03-02 21:17:39,5,4.0,custom,5,8,4,6.0,2022-03-02 21:20:22,2.0,1.0,0,471.0,1.0,win,90.0,recommendation,,level of difficulty,2022-03-02 21:20:31,9.0,1,1.0
298,2022-03-02 21:17:39,5,4.0,custom,-100,0,101,-17.0,2022-03-02 21:20:41,4.0,3.0,0,472.0,1.0,win,70.0,improvement,2.0,,2022-03-02 21:21:10,29.000000000000004,1,0.0
305,2022-03-03 20:32:17,2,1.0,easy,1,10,10,7.0,2022-03-03 20:32:37,2.0,1.0,0,473.0,1.0,win,90.0,,,,2022-03-03 20:32:47,10.0,1,1.0
305,2022-03-03 20:32:17,2,2.0,medium,1,100,100,47.0,2022-03-03 20:32:53,4.0,3.0,0,474.0,1.0,win,40.0,,,,2022-03-03 20:33:59,66.0,1,0.0
306,2022-03-03 20:37:35,6,1.0,easy,1,10,10,2.0,2022-03-03 20:38:03,4.0,2.0,1,475.0,1.0,win,70.0,,,,2022-03-03 20:38:20,17.0,1,1.0
306,2022-03-03 20:37:35,6,1.0,easy,1,10,10,7.0,2022-03-03 20:38:31,3.0,1.0,1,476.0,1.0,win,80.0,recommendation,,target score,2022-03-03 20:38:45,14.0,1,1.0
306,2022-03-03 20:37:35,6,1.0,easy,1,10,10,5.0,2022-03-03 20:38:49,3.0,2.0,0,477.0,1.0,win,80.0,improvement,3.0,,2022-03-03 20:39:00,11.0,1,1.0
306,2022-03-03 20:37:35,6,2.0,medium,1,100,100,1.0,2022-03-03 20:39:06,4.0,3.0,0,478.0,1.0,win,40.0,recommendation,,target score,2022-03-03 20:39:39,33.0,1,1.0
306,2022-03-03 20:37:35,6,3.0,hard,1,1000,1000,201.0,2022-03-03 20:39:45,3.0,2.0,0,479.0,1.0,win,50.0,recommendation,,target score,2022-03-03 20:40:54,69.0,1,1.0
306,2022-03-03 20:37:35,6,4.0,custom,-3333,44,3378,-2461.0,2022-03-03 20:41:08,2.0,1.0,0,480.0,1.0,win,90.0,recommendation,,level of difficulty,2022-03-03 20:41:42,34.0,1,0.0
310,2022-03-04 16:37:29,5,1.0,easy,1,10,10,1.0,2022-03-04 16:37:49,2.0,1.0,0,481.0,1.0,win,90.0,,,,2022-03-04 16:38:00,11.0,1,1.0
310,2022-03-04 16:37:29,5,1.0,easy,1,10,10,1.0,2022-03-04 16:38:05,2.0,1.0,0,482.0,1.0,win,90.0,,,,2022-03-04 16:38:15,10.0,1,1.0
310,2022-03-04 16:37:29,5,1.0,easy,1,10,10,6.0,2022-03-04 16:38:24,3.0,2.0,0,483.0,1.0,win,80.0,,,,2022-03-04 16:38:36,12.0,1,1.0
310,2022-03-04 16:37:29,5,2.0,medium,1,100,100,4.0,2022-03-04 16:38:48,3.0,2.0,0,484.0,1.0,win,60.0,,,,2022-03-04 16:39:21,33.0,1,1.0
310,2022-03-04 16:37:29,5,3.0,hard,1,1000,1000,171.0,2022-03-04 16:39:27,3.0,3.0,0,485.0,2.0,lose,,improvement,8.0,,2022-03-04 16:40:12,45.0,0,0.0
313,2022-03-04 17:53:32,1,1.0,easy,1,10,10,8.0,2022-03-04 17:53:59,1.0,,0,486.0,1.0,win,100.0,,,,2022-03-04 17:54:12,13.0,1,0.0
314,2022-03-04 17:55:55,1,1.0,easy,1,10,10,4.0,2022-03-04 17:56:19,2.0,1.0,0,487.0,1.0,win,90.0,,,,2022-03-04 17:56:36,17.0,1,0.0
315,2022-03-04 17:58:14,1,1.0,easy,1,10,10,8.0,2022-03-04 17:58:46,2.0,1.0,0,488.0,1.0,win,90.0,,,,2022-03-04 17:58:55,9.0,1,0.0
316,2022-03-04 18:10:59,1,1.0,easy,1,10,10,7.0,2022-03-04 18:11:21,2.0,1.0,0,489.0,1.0,win,90.0,,,,2022-03-04 18:11:30,9.0,1,0.0
317,2022-03-04 18:13:10,8,1.0,easy,1,10,10,4.0,2022-03-04 18:13:37,2.0,1.0,0,490.0,1.0,win,90.0,,,,2022-03-04 18:13:45,8.0,1,1.0
317,2022-03-04 18:13:10,8,1.0,easy,1,10,10,10.0,2022-03-04 18:13:51,2.0,1.0,0,491.0,1.0,win,90.0,recommendation,,level of difficulty,2022-03-04 18:13:59,8.0,1,1.0
317,2022-03-04 18:13:10,8,2.0,medium,1,100,100,71.0,2022-03-04 18:14:06,2.0,1.0,0,492.0,1.0,win,80.0,recommendation,,level of difficulty,2022-03-04 18:14:17,11.0,1,1.0
317,2022-03-04 18:13:10,8,3.0,hard,1,1000,1000,444.0,2022-03-04 18:14:23,3.0,3.0,0,493.0,2.0,lose,,,,,2022-03-04 18:14:52,29.000000000000004,0,1.0
317,2022-03-04 18:13:10,8,3.0,hard,1,1000,1000,283.0,2022-03-04 18:15:01,3.0,1.0,1,494.0,1.0,win,50.0,recommendation,,target score,2022-03-04 18:15:18,17.0,1,1.0
317,2022-03-04 18:13:10,8,3.0,hard,1,1000,1000,889.0,2022-03-04 18:15:25,3.0,2.0,0,495.0,1.0,win,50.0,improvement,1.0,,2022-03-04 18:16:08,43.0,1,1.0
317,2022-03-04 18:13:10,8,4.0,custom,4,9,6,7.0,2022-03-04 18:16:18,5.0,2.0,2,496.0,1.0,win,60.0,recommendation,,target score,2022-03-04 18:16:48,30.000000000000004,1,1.0
317,2022-03-04 18:13:10,8,4.0,custom,7,10,4,10.0,2022-03-04 18:17:08,2.0,1.0,0,497.0,1.0,win,90.0,recommendation,,level of difficulty,2022-03-04 18:17:19,11.0,1,0.0
318,2022-03-04 18:24:38,5,1.0,easy,1,10,10,6.0,2022-03-04 18:25:01,3.0,2.0,0,498.0,1.0,win,80.0,,,,2022-03-04 18:25:19,18.0,1,1.0
318,2022-03-04 18:24:38,5,1.0,easy,1,10,10,2.0,2022-03-04 18:25:28,2.0,1.0,0,499.0,1.0,win,90.0,recommendation,,level of difficulty,2022-03-04 18:25:39,11.0,1,1.0
318,2022-03-04 18:24:38,5,2.0,medium,1,100,100,46.0,2022-03-04 18:25:44,4.0,3.0,0,500.0,1.0,win,40.0,improvement,1.0,,2022-03-04 18:26:13,29.000000000000004,1,1.0
318,2022-03-04 18:24:38,5,3.0,hard,1,1000,1000,853.0,2022-03-04 18:26:23,4.0,3.0,0,501.0,1.0,win,25.0,recommendation,,target score,2022-03-04 18:27:04,41.0,1,1.0
318,2022-03-04 18:24:38,5,4.0,custom,9,11,3,9.0,2022-03-04 18:27:21,4.0,1.0,2,502.0,1.0,win,70.0,recommendation,,target score,2022-03-04 18:27:42,21.0,1,0.0
319,2022-03-05 05:04:20,1,1.0,easy,1,10,10,2.0,2022-03-05 05:04:48,3.0,2.0,0,503.0,1.0,win,80.0,improvement,2.0,,2022-03-05 05:05:06,18.0,1,0.0
320,2022-03-05 05:06:29,1,1.0,easy,1,10,10,7.0,2022-03-05 05:06:55,1.0,,0,504.0,1.0,win,100.0,,,,2022-03-05 05:06:59,4.0,1,0.0
321,2022-03-05 05:09:14,7,1.0,easy,1,10,10,4.0,2022-03-05 05:09:45,1.0,,0,505.0,1.0,win,100.0,,,,2022-03-05 05:09:49,4.0,1,1.0
321,2022-03-05 05:09:14,7,1.0,easy,1,10,10,5.0,2022-03-05 05:09:56,5.0,2.0,2,506.0,1.0,win,60.0,recommendation,,target score,2022-03-05 05:10:33,37.0,1,1.0
321,2022-03-05 05:09:14,7,1.0,easy,1,10,10,2.0,2022-03-05 05:10:48,1.0,,0,507.0,1.0,win,100.0,recommendation,,level of difficulty,2022-03-05 05:10:53,5.0,1,1.0
321,2022-03-05 05:09:14,7,2.0,medium,1,100,100,52.0,2022-03-05 05:11:06,4.0,3.0,0,508.0,1.0,win,40.0,improvement,1.0,,2022-03-05 05:11:29,23.0,1,1.0
321,2022-03-05 05:09:14,7,2.0,medium,1,100,100,91.0,2022-03-05 05:11:40,4.0,3.0,0,509.0,1.0,win,40.0,recommendation,,target score,2022-03-05 05:12:55,75.0,1,1.0
321,2022-03-05 05:09:14,7,3.0,hard,1,1000,1000,736.0,2022-03-05 05:13:00,3.0,2.0,1,510.0,2.0,lose,,,,,2022-03-05 05:13:39,39.0,0,1.0
321,2022-03-05 05:09:14,7,4.0,custom,6,30,25,6.0,2022-03-05 05:14:10,5.0,4.0,0,512.0,1.0,win,60.0,recommendation,,target score,2022-03-05 05:14:54,44.0,1,0.0
322,2022-03-05 05:45:51,1,1.0,easy,1,10,10,7.0,2022-03-05 05:46:18,2.0,1.0,0,,,,,,,,,,0,
323,2022-03-05 05:47:06,4,1.0,easy,1,10,10,5.0,2022-03-05 05:47:33,4.0,3.0,0,513.0,1.0,win,70.0,improvement,2.0,,2022-03-05 05:47:54,21.0,1,1.0
323,2022-03-05 05:47:06,4,1.0,easy,1,10,10,6.0,2022-03-05 05:48:01,3.0,2.0,0,514.0,1.0,win,80.0,recommendation,,target score,2022-03-05 05:48:14,13.0,1,1.0
323,2022-03-05 05:47:06,4,2.0,medium,1,100,100,88.0,2022-03-05 05:48:19,4.0,3.0,0,515.0,1.0,win,40.0,recommendation,,target score,2022-03-05 05:48:44,25.0,1,1.0
323,2022-03-05 05:47:06,4,3.0,hard,1,1000,1000,101.0,2022-03-05 05:48:52,3.0,3.0,0,516.0,2.0,lose,,,,,2022-03-05 05:49:21,29.000000000000004,0,1.0
326,2022-03-14 20:40:26,6,1.0,easy,1,10,10,2.0,2022-03-14 20:40:51,2.0,1.0,0,517.0,1.0,win,90.0,,,,2022-03-14 20:41:01,10.0,1,1.0
326,2022-03-14 20:40:26,6,1.0,easy,1,10,10,7.0,2022-03-14 20:41:07,2.0,1.0,0,518.0,1.0,win,90.0,recommendation,,level of difficulty,2022-03-14 20:41:15,8.0,1,1.0
326,2022-03-14 20:40:26,6,2.0,medium,1,100,100,50.0,2022-03-14 20:41:21,4.0,3.0,0,519.0,1.0,win,40.0,recommendation,,target score,2022-03-14 20:41:48,27.0,1,1.0
326,2022-03-14 20:40:26,6,3.0,hard,1,1000,1000,359.0,2022-03-14 20:41:54,2.0,1.0,0,520.0,1.0,win,75.0,recommendation,,level of difficulty,2022-03-14 20:42:14,20.0,1,1.0
326,2022-03-14 20:40:26,6,4.0,custom,1,110,110,25.0,2022-03-14 20:42:34,3.0,1.0,1,521.0,1.0,win,80.0,recommendation,,target score,2022-03-14 20:42:51,17.0,1,1.0
326,2022-03-14 20:40:26,6,3.0,hard,1,1000,1000,812.0,2022-03-14 20:43:02,3.0,3.0,0,522.0,2.0,lose,,improvement,2.0,,2022-03-14 20:43:24,22.0,0,0.0
327,2022-03-22 18:44:02,2,1.0,easy,1,10,10,1.0,2022-03-22 18:44:25,3.0,2.0,0,523.0,1.0,win,80.0,improvement,1.0,,2022-03-22 18:44:50,25.0,1,1.0
327,2022-03-22 18:44:02,2,1.0,easy,1,10,10,5.0,2022-03-22 18:44:58,1.0,,0,524.0,1.0,win,100.0,,,,2022-03-22 18:45:01,3.0,1,0.0
328,2022-03-22 18:46:30,8,1.0,easy,1,10,10,2.0,2022-03-22 18:47:22,3.0,2.0,0,525.0,1.0,win,80.0,,,,2022-03-22 18:47:37,15.000000000000002,1,1.0
328,2022-03-22 18:46:30,8,1.0,easy,1,10,10,3.0,2022-03-22 18:47:45,1.0,,0,526.0,1.0,win,100.0,recommendation,,level of difficulty,2022-03-22 18:47:49,4.0,1,1.0
328,2022-03-22 18:46:30,8,2.0,medium,1,100,100,54.0,2022-03-22 18:47:57,3.0,2.0,0,527.0,1.0,win,60.0,recommendation,,target score,2022-03-22 18:48:27,30.000000000000004,1,1.0
328,2022-03-22 18:46:30,8,2.0,medium,1,100,100,6.0,2022-03-22 18:48:32,5.0,4.0,0,528.0,1.0,win,20.0,recommendation,,target score,2022-03-22 18:49:15,43.0,1,1.0
328,2022-03-22 18:46:30,8,2.0,medium,1,100,100,77.0,2022-03-22 18:49:21,4.0,3.0,0,529.0,1.0,win,40.0,improvement,4.0,,2022-03-22 18:49:42,21.0,1,1.0
328,2022-03-22 18:46:30,8,3.0,hard,1,1000,1000,160.0,2022-03-22 18:49:48,3.0,2.0,0,530.0,1.0,win,50.0,recommendation,,target score,2022-03-22 18:50:05,17.0,1,1.0
328,2022-03-22 18:46:30,8,3.0,hard,1,1000,1000,157.0,2022-03-22 18:50:09,3.0,3.0,0,531.0,2.0,lose,,,,,2022-03-22 18:50:55,46.0,0,1.0
328,2022-03-22 18:46:30,8,4.0,custom,5,11,7,8.0,2022-03-22 18:51:21,5.0,2.0,2,533.0,1.0,win,60.0,recommendation,,target score,2022-03-22 18:51:48,27.0,1,0.0
329,2022-03-22 18:58:44,2,1.0,easy,1,10,10,7.0,2022-03-22 18:59:58,2.0,1.0,0,534.0,1.0,win,90.0,,,,2022-03-22 19:00:07,9.0,1,1.0
329,2022-03-22 18:58:44,2,1.0,easy,1,10,10,9.0,2022-03-22 19:00:11,2.0,1.0,0,535.0,1.0,win,90.0,recommendation,,level of difficulty,2022-03-22 19:00:20,9.0,1,0.0
330,2022-03-22 19:00:56,2,1.0,easy,1,10,10,9.0,2022-03-22 19:01:18,1.0,1.0,0,536.0,3.0,quit,,,,,2022-03-22 19:01:25,7.0,0,1.0
330,2022-03-22 19:00:56,2,1.0,easy,1,10,10,8.0,2022-03-22 19:01:28,1.0,,0,537.0,1.0,win,100.0,recommendation,,level of difficulty,2022-03-22 19:01:33,5.0,1,0.0
331,2022-03-22 19:14:16,8,4.0,custom,10,99,90,98.0,2022-03-22 19:14:55,4.0,2.0,1,538.0,1.0,win,70.0,,,,2022-03-22 19:15:19,24.0,1,1.0
331,2022-03-22 19:14:16,8,4.0,custom,10,99,90,66.0,2022-03-22 19:15:32,3.0,2.0,0,539.0,1.0,win,80.0,,,,2022-03-22 19:16:01,29.000000000000004,1,1.0
331,2022-03-22 19:14:16,8,4.0,custom,10,99,90,79.0,2022-03-22 19:16:17,3.0,2.0,0,540.0,1.0,win,80.0,,,,2022-03-22 19:16:42,25.0,1,1.0
331,2022-03-22 19:14:16,8,1.0,easy,1,10,10,9.0,2022-03-22 19:16:54,3.0,2.0,0,541.0,1.0,win,80.0,,,,2022-03-22 19:17:05,11.0,1,1.0
331,2022-03-22 19:14:16,8,1.0,easy,1,10,10,6.0,2022-03-22 19:17:09,4.0,3.0,0,542.0,1.0,win,70.0,,,,2022-03-22 19:17:26,17.0,1,1.0
331,2022-03-22 19:14:16,8,1.0,easy,1,10,10,7.0,2022-03-22 19:17:28,3.0,2.0,0,543.0,1.0,win,80.0,,,,2022-03-22 19:17:40,12.0,1,1.0
331,2022-03-22 19:14:16,8,1.0,easy,1,10,10,9.0,2022-03-22 19:17:43,3.0,2.0,0,544.0,1.0,win,80.0,,,,2022-03-22 19:17:56,13.0,1,1.0
331,2022-03-22 19:14:16,8,1.0,easy,1,10,10,10.0,2022-03-22 19:17:59,2.0,1.0,0,545.0,1.0,win,90.0,,,,2022-03-22 19:18:07,8.0,1,0.0
332,2022-03-22 19:27:49,2,4.0,custom,10,55,46,38.0,2022-03-22 19:28:20,3.0,2.0,0,546.0,1.0,win,80.0,improvement,4.0,,2022-03-22 19:28:48,28.0,1,1.0
332,2022-03-22 19:27:49,2,4.0,custom,10,55,46,47.0,2022-03-22 19:28:59,2.0,1.0,0,547.0,1.0,win,90.0,recommendation,,level of difficulty,2022-03-22 19:29:14,15.000000000000002,1,0.0
333,2022-03-22 19:29:37,3,1.0,easy,1,10,10,9.0,2022-03-22 19:29:57,1.0,1.0,0,548.0,3.0,quit,,,,,2022-03-22 19:30:03,6.0,0,1.0
333,2022-03-22 19:29:37,3,1.0,easy,1,10,10,10.0,2022-03-22 19:30:07,3.0,2.0,0,549.0,1.0,win,80.0,,,,2022-03-22 19:30:20,13.0,1,1.0
333,2022-03-22 19:29:37,3,1.0,easy,1,10,10,6.0,2022-03-22 19:30:23,2.0,1.0,0,550.0,1.0,win,90.0,recommendation,,level of difficulty,2022-03-22 19:30:32,9.0,1,0.0
334,2022-04-16 20:03:45,4,1.0,easy,1,10,10,7.0,2022-04-16 20:04:35,1.0,,0,551.0,1.0,win,100.0,,,,2022-04-16 20:04:39,4.0,1,1.0
334,2022-04-16 20:03:45,4,1.0,easy,1,10,10,8.0,2022-04-16 20:04:44,3.0,2.0,0,552.0,1.0,win,80.0,recommendation,,target score,2022-04-16 20:04:58,14.0,1,1.0
334,2022-04-16 20:03:45,4,1.0,easy,1,10,10,9.0,2022-04-16 20:05:03,2.0,1.0,0,553.0,1.0,win,90.0,recommendation,,level of difficulty,2022-04-16 20:05:11,8.0,1,1.0
334,2022-04-16 20:03:45,4,2.0,medium,1,100,100,35.0,2022-04-16 20:05:16,3.0,2.0,0,554.0,1.0,win,60.0,recommendation,,target score,2022-04-16 20:05:44,28.0,1,0.0
335,2022-05-01 20:41:16,4,1.0,easy,1,10,10,1.0,2022-05-01 20:42:11,2.0,1.0,0,555.0,1.0,win,90.0,,,,2022-05-01 20:42:25,14.0,1,1.0
335,2022-05-01 20:41:16,4,2.0,medium,1,100,100,44.0,2022-05-01 20:42:32,2.0,1.0,0,556.0,1.0,win,80.0,recommendation,,level of difficulty,2022-05-01 20:42:45,13.0,1,1.0
335,2022-05-01 20:41:16,4,3.0,hard,1,1000,1000,351.0,2022-05-01 20:42:53,3.0,3.0,0,557.0,2.0,lose,,improvement,1.0,,2022-05-01 20:43:15,22.0,0,1.0
335,2022-05-01 20:41:16,4,4.0,custom,1,30,30,8.0,2022-05-01 20:43:38,5.0,2.0,2,558.0,1.0,win,60.0,recommendation,,target score,2022-05-01 20:44:07,29.000000000000004,1,0.0
337,2022-05-15 03:43:09,2,1.0,easy,1,10,10,6.0,2022-05-15 03:43:35,2.0,1.0,0,559.0,1.0,win,90.0,,,,2022-05-15 03:43:46,11.0,1,1.0
337,2022-05-15 03:43:09,2,2.0,medium,1,100,100,9.0,2022-05-15 03:43:55,3.0,2.0,0,560.0,1.0,win,60.0,improvement,2.0,,2022-05-15 03:44:14,19.0,1,0.0
338,2022-06-26 15:52:34,2,1.0,easy,1,10,10,6.0,2022-06-26 15:54:16,3.0,2.0,0,561.0,1.0,win,80.0,,,,2022-06-26 15:54:43,27.0,1,1.0
338,2022-06-26 15:52:34,2,2.0,medium,1,100,100,40.0,2022-06-26 15:54:56,5.0,4.0,0,562.0,2.0,lose,,improvement,5.0,,2022-06-26 16:02:26,450.0,0,1.0
